fullname,studentNumber,image,birthday,sex,section
Terry Kelly,2015-30499,http://dummyimage.com/100x100.jpg/5fa2dd/ffffff,16/02/1997,M,6-L
Mark Parker,2015-03927,http://dummyimage.com/100x100.jpg/5fa2dd/ffffff,12/08/1994,M,5-L
Victor Mitchell,2012-44122,http://dummyimage.com/100x100.jpg/5fa2dd/ffffff,13/03/1995,M,4-L
Charles Coleman,2015-62183,http://dummyimage.com/100x100.jpg/ff4444/ffffff,25/08/1994,M,6-L
Shirley Fields,2011-81846,http://dummyimage.com/100x100.jpg/dddddd/000000,02/08/1994,F,6-L
Gerald Gomez,2014-47102,http://dummyimage.com/100x100.jpg/dddddd/000000,17/08/1996,M,4-L
Wayne Richards,2015-63189,http://dummyimage.com/100x100.jpg/dddddd/000000,16/04/1997,M,6-L
Evelyn Gilbert,2015-41870,http://dummyimage.com/100x100.jpg/5fa2dd/ffffff,20/11/1998,F,5-L
Thomas Anderson,2015-84274,http://dummyimage.com/100x100.jpg/cc0000/ffffff,11/04/1994,M,4-L
Carlos Hansen,2015-77663,http://dummyimage.com/100x100.jpg/5fa2dd/ffffff,15/05/1995,M,5-L
Rose Jordan,2014-00411,http://dummyimage.com/100x100.jpg/ff4444/ffffff,26/09/1994,F,5-L
Anne Mitchell,2013-22525,http://dummyimage.com/100x100.jpg/ff4444/ffffff,13/01/1996,F,6-L
Randy Ramirez,2013-27186,http://dummyimage.com/100x100.jpg/cc0000/ffffff,04/06/1998,M,6-L
Carolyn Gray,2015-93180,http://dummyimage.com/100x100.jpg/5fa2dd/ffffff,26/11/1994,F,4-L
Julia Walker,2014-40281,http://dummyimage.com/100x100.jpg/ff4444/ffffff,26/12/1997,F,5-L
Sean White,2014-13445,http://dummyimage.com/100x100.jpg/ff4444/ffffff,18/06/1997,M,5-L
Walter Nichols,2014-28066,http://dummyimage.com/100x100.jpg/dddddd/000000,27/08/1997,M,6-L
Debra Brown,2015-24903,http://dummyimage.com/100x100.jpg/cc0000/ffffff,13/05/1996,F,6-L
Nicole Gutierrez,2015-21455,http://dummyimage.com/100x100.jpg/ff4444/ffffff,15/02/1999,F,6-L
Mark Mcdonald,2015-86410,http://dummyimage.com/100x100.jpg/5fa2dd/ffffff,27/05/1993,M,6-L
Robin Mccoy,2014-46192,http://dummyimage.com/100x100.jpg/dddddd/000000,21/03/1999,F,6-L
Tammy Graham,2015-30391,http://dummyimage.com/100x100.jpg/5fa2dd/ffffff,12/12/1993,F,3-L
Nancy Warren,2014-96345,http://dummyimage.com/100x100.jpg/dddddd/000000,27/09/1998,F,6-L
Jean Berry,2012-37927,http://dummyimage.com/100x100.jpg/dddddd/000000,09/06/1997,F,6-L
Tina Bishop,2014-44882,http://dummyimage.com/100x100.jpg/5fa2dd/ffffff,24/11/1996,F,5-L
Samuel Cole,2013-28247,http://dummyimage.com/100x100.jpg/cc0000/ffffff,03/09/1998,M,6-L
Antonio Gomez,2013-91288,http://dummyimage.com/100x100.jpg/dddddd/000000,06/05/1993,M,3-L
Louise Richardson,2015-21411,http://dummyimage.com/100x100.jpg/5fa2dd/ffffff,05/11/1996,F,3-L
Louise Henry,2015-74036,http://dummyimage.com/100x100.jpg/ff4444/ffffff,20/10/1995,F,6-L
George Larson,2013-21638,http://dummyimage.com/100x100.jpg/cc0000/ffffff,01/08/1994,M,6-L
Janet Green,2015-53016,http://dummyimage.com/100x100.jpg/5fa2dd/ffffff,20/07/1995,F,5-L
George Gilbert,2015-89855,http://dummyimage.com/100x100.jpg/5fa2dd/ffffff,08/08/1998,M,6-L
Donald Rose,2013-03223,http://dummyimage.com/100x100.jpg/dddddd/000000,07/03/1998,M,6-L
Amanda Hunter,2014-11707,http://dummyimage.com/100x100.jpg/dddddd/000000,17/08/1997,F,6-L
Tammy Bryant,2015-80255,http://dummyimage.com/100x100.jpg/dddddd/000000,22/04/1995,F,6-L
Irene Gibson,2012-06379,http://dummyimage.com/100x100.jpg/cc0000/ffffff,18/06/1998,F,6-L
Sean Hawkins,2015-93640,http://dummyimage.com/100x100.jpg/cc0000/ffffff,21/11/1993,M,6-L
Sara Jackson,2015-78023,http://dummyimage.com/100x100.jpg/5fa2dd/ffffff,01/04/1997,F,5-L
Willie Gilbert,2015-47340,http://dummyimage.com/100x100.jpg/cc0000/ffffff,28/06/1997,M,5-L
Janet Romero,2015-73244,http://dummyimage.com/100x100.jpg/dddddd/000000,13/07/1998,F,6-L
Dorothy Perry,2015-48242,http://dummyimage.com/100x100.jpg/cc0000/ffffff,11/11/1998,F,4-L
Donna Dixon,2015-41525,http://dummyimage.com/100x100.jpg/5fa2dd/ffffff,30/06/1993,F,4-L
Carolyn Taylor,2015-03367,http://dummyimage.com/100x100.jpg/dddddd/000000,18/07/1997,F,4-L
Ronald Payne,2012-58207,http://dummyimage.com/100x100.jpg/ff4444/ffffff,13/09/1993,M,6-L
Phyllis Jacobs,2015-25126,http://dummyimage.com/100x100.jpg/ff4444/ffffff,04/06/1995,F,6-L
Joan Bennett,2015-74881,http://dummyimage.com/100x100.jpg/dddddd/000000,05/05/1993,F,6-L
Tammy Young,2015-91548,http://dummyimage.com/100x100.jpg/5fa2dd/ffffff,28/03/1998,F,6-L
Alan Carpenter,2015-84922,http://dummyimage.com/100x100.jpg/cc0000/ffffff,22/04/1998,M,6-L
Jacqueline Robinson,2012-84393,http://dummyimage.com/100x100.jpg/5fa2dd/ffffff,11/08/1993,F,6-L
Jesse Turner,2015-33329,http://dummyimage.com/100x100.jpg/ff4444/ffffff,26/05/1998,M,6-L
James Armstrong,2015-14603,http://dummyimage.com/100x100.jpg/dddddd/000000,18/08/1997,M,6-L
Harry Davis,2015-64643,http://dummyimage.com/100x100.jpg/ff4444/ffffff,13/08/1996,M,6-L
Rebecca Myers,2014-46549,http://dummyimage.com/100x100.jpg/dddddd/000000,28/04/1997,F,6-L
Larry Stevens,2015-00927,http://dummyimage.com/100x100.jpg/cc0000/ffffff,03/10/1994,M,4-L
Larry Vasquez,2012-86301,http://dummyimage.com/100x100.jpg/ff4444/ffffff,23/02/1994,M,1-L
Brenda Robinson,2011-94439,http://dummyimage.com/100x100.jpg/cc0000/ffffff,01/03/1999,F,5-L
Alan Thomas,2010-88896,http://dummyimage.com/100x100.jpg/ff4444/ffffff,04/08/1996,M,4-L
Mildred Taylor,2014-96719,http://dummyimage.com/100x100.jpg/cc0000/ffffff,23/09/1996,F,3-L
Maria Harrison,2014-58291,http://dummyimage.com/100x100.jpg/cc0000/ffffff,07/08/1998,F,5-L
Carol Stanley,2015-62813,http://dummyimage.com/100x100.jpg/dddddd/000000,20/09/1994,F,6-L
Aaron Reyes,2015-49249,http://dummyimage.com/100x100.jpg/ff4444/ffffff,17/04/1999,M,4-L
Sara Warren,2015-59650,http://dummyimage.com/100x100.jpg/ff4444/ffffff,11/08/1998,F,6-L
Andrea Jordan,2015-57587,http://dummyimage.com/100x100.jpg/cc0000/ffffff,10/04/1995,F,6-L
Albert Ellis,2015-44918,http://dummyimage.com/100x100.jpg/cc0000/ffffff,10/03/1994,M,6-L
Lois Thompson,2013-06289,http://dummyimage.com/100x100.jpg/5fa2dd/ffffff,09/01/1995,F,3-L
Joseph Henry,2015-26418,http://dummyimage.com/100x100.jpg/dddddd/000000,24/03/1994,M,6-L
Earl Lynch,2013-51309,http://dummyimage.com/100x100.jpg/ff4444/ffffff,21/02/1994,M,5-L
Arthur Hanson,2015-07474,http://dummyimage.com/100x100.jpg/cc0000/ffffff,06/11/1995,M,6-L
Edward Holmes,2010-76336,http://dummyimage.com/100x100.jpg/dddddd/000000,14/11/1998,M,5-L
Linda Hayes,2014-85014,http://dummyimage.com/100x100.jpg/dddddd/000000,11/01/1999,F,6-L
Carl Nichols,2013-00288,http://dummyimage.com/100x100.jpg/ff4444/ffffff,15/03/1996,M,5-L
Barbara Ferguson,2010-76272,http://dummyimage.com/100x100.jpg/dddddd/000000,22/09/1997,F,5-L
Timothy Stanley,2015-33789,http://dummyimage.com/100x100.jpg/cc0000/ffffff,03/04/1998,M,4-L
Theresa Brown,2014-80855,http://dummyimage.com/100x100.jpg/dddddd/000000,29/09/1998,F,6-L
Kelly Taylor,2015-88555,http://dummyimage.com/100x100.jpg/ff4444/ffffff,08/04/1998,F,6-L
Ruth Miller,2015-51632,http://dummyimage.com/100x100.jpg/dddddd/000000,20/08/1997,F,6-L
Russell King,2015-90137,http://dummyimage.com/100x100.jpg/cc0000/ffffff,21/10/1998,M,3-L
Irene Ferguson,2011-57981,http://dummyimage.com/100x100.jpg/5fa2dd/ffffff,02/09/1993,F,4-L
Carlos Spencer,2015-74264,http://dummyimage.com/100x100.jpg/dddddd/000000,30/03/1994,M,4-L
Clarence Wood,2014-19433,http://dummyimage.com/100x100.jpg/ff4444/ffffff,20/02/1995,M,3-L
Mildred Burton,2015-76079,http://dummyimage.com/100x100.jpg/dddddd/000000,25/11/1997,F,6-L
Susan Wood,2014-82260,http://dummyimage.com/100x100.jpg/dddddd/000000,10/10/1995,F,1-L
Jennifer Martinez,2012-84415,http://dummyimage.com/100x100.jpg/5fa2dd/ffffff,16/07/1994,F,6-L
Ernest Garza,2015-26314,http://dummyimage.com/100x100.jpg/5fa2dd/ffffff,02/05/1993,M,6-L
Douglas Marshall,2014-15234,http://dummyimage.com/100x100.jpg/dddddd/000000,21/03/1996,M,6-L
Martha Palmer,2015-25131,http://dummyimage.com/100x100.jpg/cc0000/ffffff,14/07/1994,F,5-L
Jessica Lee,2014-10486,http://dummyimage.com/100x100.jpg/cc0000/ffffff,14/06/1995,F,6-L
Jean Brooks,2015-59282,http://dummyimage.com/100x100.jpg/ff4444/ffffff,24/09/1994,F,5-L
Clarence Day,2014-59994,http://dummyimage.com/100x100.jpg/cc0000/ffffff,16/02/1998,M,6-L
Jose Morris,2010-57345,http://dummyimage.com/100x100.jpg/ff4444/ffffff,20/01/1997,M,5-L
Diana Rivera,2015-31356,http://dummyimage.com/100x100.jpg/cc0000/ffffff,03/01/1995,F,5-L
Anthony Owens,2014-85268,http://dummyimage.com/100x100.jpg/dddddd/000000,09/08/1994,M,4-L
Kathy Perez,2015-16856,http://dummyimage.com/100x100.jpg/5fa2dd/ffffff,20/03/1994,F,4-L
Jack Cox,2015-00892,http://dummyimage.com/100x100.jpg/dddddd/000000,05/01/1996,M,3-L
Rebecca Hall,2015-45222,http://dummyimage.com/100x100.jpg/dddddd/000000,06/06/1996,F,6-L
Earl Myers,2014-47972,http://dummyimage.com/100x100.jpg/dddddd/000000,09/08/1998,M,3-L
Gary Elliott,2011-91007,http://dummyimage.com/100x100.jpg/5fa2dd/ffffff,04/03/1996,M,6-L
Christina Garrett,2015-21814,http://dummyimage.com/100x100.jpg/5fa2dd/ffffff,30/11/1994,F,6-L
Andrea Miller,2015-72385,http://dummyimage.com/100x100.jpg/5fa2dd/ffffff,05/11/1994,F,6-L
Angela Dean,2014-31248,http://dummyimage.com/100x100.jpg/dddddd/000000,19/12/1994,F,3-L
Amy Boyd,2013-14409,http://dummyimage.com/100x100.jpg/ff4444/ffffff,08/06/1998,F,6-L
Jennifer Washington,2014-77885,http://dummyimage.com/100x100.jpg/ff4444/ffffff,13/10/1995,F,4-L
Scott Cole,2014-24952,http://dummyimage.com/100x100.jpg/5fa2dd/ffffff,05/10/1994,M,6-L
Aaron Williamson,2015-82981,http://dummyimage.com/100x100.jpg/dddddd/000000,15/08/1995,M,5-L
Lisa Wallace,2014-92591,http://dummyimage.com/100x100.jpg/5fa2dd/ffffff,31/12/1997,F,4-L
Angela Wagner,2015-74443,http://dummyimage.com/100x100.jpg/cc0000/ffffff,19/09/1993,F,2-L
Theresa Henderson,2012-36040,http://dummyimage.com/100x100.jpg/dddddd/000000,19/02/1999,F,6-L
Sean Grant,2011-41548,http://dummyimage.com/100x100.jpg/cc0000/ffffff,23/01/1995,M,5-L
Susan Burton,2015-72069,http://dummyimage.com/100x100.jpg/ff4444/ffffff,09/05/1998,F,6-L
Joyce Payne,2014-11335,http://dummyimage.com/100x100.jpg/cc0000/ffffff,24/04/1998,F,3-L
Donald Ferguson,2015-95556,http://dummyimage.com/100x100.jpg/5fa2dd/ffffff,06/06/1998,M,6-L
Shirley Gilbert,2015-28378,http://dummyimage.com/100x100.jpg/cc0000/ffffff,23/01/1997,F,3-L
Helen Oliver,2012-88818,http://dummyimage.com/100x100.jpg/ff4444/ffffff,04/06/1995,F,3-L
Harry Martin,2015-70216,http://dummyimage.com/100x100.jpg/5fa2dd/ffffff,13/08/1997,M,6-L
Roger Robertson,2013-19376,http://dummyimage.com/100x100.jpg/dddddd/000000,09/04/1996,M,6-L
Ann Wood,2015-38014,http://dummyimage.com/100x100.jpg/cc0000/ffffff,27/01/1996,F,6-L
Arthur Turner,2015-19170,http://dummyimage.com/100x100.jpg/cc0000/ffffff,11/12/1998,M,6-L
Joshua Collins,2013-77146,http://dummyimage.com/100x100.jpg/ff4444/ffffff,23/11/1993,M,5-L
Harold Alexander,2015-87151,http://dummyimage.com/100x100.jpg/dddddd/000000,04/06/1993,M,4-L
Heather Montgomery,2013-69604,http://dummyimage.com/100x100.jpg/cc0000/ffffff,04/06/1993,F,6-L
Harry Ward,2015-91201,http://dummyimage.com/100x100.jpg/ff4444/ffffff,11/01/1995,M,6-L
Dennis Gonzales,2015-56414,http://dummyimage.com/100x100.jpg/5fa2dd/ffffff,25/12/1997,M,4-L
Nicholas Hall,2014-04160,http://dummyimage.com/100x100.jpg/5fa2dd/ffffff,17/12/1997,M,6-L
Ralph Morrison,2014-54608,http://dummyimage.com/100x100.jpg/ff4444/ffffff,05/09/1994,M,6-L
Earl Owens,2015-89695,http://dummyimage.com/100x100.jpg/ff4444/ffffff,19/07/1994,M,6-L
Antonio Hamilton,2015-74287,http://dummyimage.com/100x100.jpg/cc0000/ffffff,01/11/1993,M,6-L
Judy Riley,2015-92975,http://dummyimage.com/100x100.jpg/5fa2dd/ffffff,20/10/1998,F,6-L
Jose Gutierrez,2015-95923,http://dummyimage.com/100x100.jpg/dddddd/000000,23/03/1998,M,6-L
Debra Berry,2015-72277,http://dummyimage.com/100x100.jpg/cc0000/ffffff,16/11/1997,F,6-L
Phillip Schmidt,2013-23231,http://dummyimage.com/100x100.jpg/dddddd/000000,02/10/1994,M,2-L
Thomas Hicks,2015-05237,http://dummyimage.com/100x100.jpg/5fa2dd/ffffff,14/01/1994,M,6-L
Elizabeth Jones,2010-24569,http://dummyimage.com/100x100.jpg/cc0000/ffffff,14/12/1994,F,5-L
Bobby Grant,2015-92412,http://dummyimage.com/100x100.jpg/5fa2dd/ffffff,01/07/1996,M,6-L
Joshua George,2013-15722,http://dummyimage.com/100x100.jpg/5fa2dd/ffffff,04/03/1995,M,6-L
Paula Richardson,2015-27222,http://dummyimage.com/100x100.jpg/dddddd/000000,23/02/1997,F,6-L
Anna Lynch,2015-58725,http://dummyimage.com/100x100.jpg/ff4444/ffffff,09/07/1998,F,5-L
Joshua Stanley,2012-11406,http://dummyimage.com/100x100.jpg/ff4444/ffffff,12/11/1994,M,4-L
Cynthia Harper,2015-08980,http://dummyimage.com/100x100.jpg/dddddd/000000,11/11/1994,F,3-L
Lori Butler,2015-88099,http://dummyimage.com/100x100.jpg/dddddd/000000,07/07/1994,F,5-L
Shawn Lynch,2014-90984,http://dummyimage.com/100x100.jpg/ff4444/ffffff,06/05/1996,M,6-L
Lori Clark,2014-05052,http://dummyimage.com/100x100.jpg/ff4444/ffffff,16/08/1994,F,1-L
Gary Wilson,2015-76667,http://dummyimage.com/100x100.jpg/dddddd/000000,14/08/1995,M,6-L
Russell Gardner,2015-86398,http://dummyimage.com/100x100.jpg/5fa2dd/ffffff,18/10/1994,M,6-L
Cheryl Kennedy,2014-17414,http://dummyimage.com/100x100.jpg/dddddd/000000,27/12/1993,F,6-L
Ruth Greene,2015-72458,http://dummyimage.com/100x100.jpg/ff4444/ffffff,23/08/1998,F,4-L
Larry Shaw,2010-66273,http://dummyimage.com/100x100.jpg/5fa2dd/ffffff,29/08/1995,M,6-L
Kevin Berry,2010-95902,http://dummyimage.com/100x100.jpg/5fa2dd/ffffff,01/01/1997,M,6-L
Craig Reed,2015-88547,http://dummyimage.com/100x100.jpg/ff4444/ffffff,22/08/1994,M,5-L
Anna Crawford,2015-89702,http://dummyimage.com/100x100.jpg/ff4444/ffffff,11/03/1999,F,6-L
Christopher Williams,2015-25634,http://dummyimage.com/100x100.jpg/ff4444/ffffff,06/07/1995,M,6-L
Katherine Dunn,2014-32553,http://dummyimage.com/100x100.jpg/dddddd/000000,29/01/1995,F,6-L
Bonnie Sullivan,2015-04139,http://dummyimage.com/100x100.jpg/ff4444/ffffff,15/03/1994,F,4-L
Jeremy Rogers,2015-45323,http://dummyimage.com/100x100.jpg/cc0000/ffffff,21/12/1993,M,6-L
Mildred Jackson,2013-72349,http://dummyimage.com/100x100.jpg/cc0000/ffffff,26/12/1995,F,3-L
Roger Romero,2015-54027,http://dummyimage.com/100x100.jpg/ff4444/ffffff,19/10/1994,M,6-L
Angela Robinson,2012-92023,http://dummyimage.com/100x100.jpg/ff4444/ffffff,30/01/1999,F,4-L
Joe Arnold,2013-00595,http://dummyimage.com/100x100.jpg/dddddd/000000,17/01/1999,M,3-L
Jimmy Griffin,2015-35012,http://dummyimage.com/100x100.jpg/dddddd/000000,22/02/1998,M,5-L
Sara Berry,2015-07727,http://dummyimage.com/100x100.jpg/ff4444/ffffff,02/02/1998,F,6-L
Gregory Warren,2010-59976,http://dummyimage.com/100x100.jpg/cc0000/ffffff,29/06/1996,M,6-L
Diane Ross,2014-72099,http://dummyimage.com/100x100.jpg/cc0000/ffffff,24/04/1998,F,1-L
Steve Larson,2015-49832,http://dummyimage.com/100x100.jpg/5fa2dd/ffffff,03/02/1998,M,6-L
Kelly Ray,2015-67431,http://dummyimage.com/100x100.jpg/cc0000/ffffff,03/03/1994,F,5-L
Robert Martin,2015-79234,http://dummyimage.com/100x100.jpg/cc0000/ffffff,25/03/1995,M,6-L
Stephen Fisher,2013-98218,http://dummyimage.com/100x100.jpg/5fa2dd/ffffff,23/01/1994,M,2-L
Frances Stone,2012-65047,http://dummyimage.com/100x100.jpg/cc0000/ffffff,25/03/1998,F,6-L
Brian Williamson,2015-20988,http://dummyimage.com/100x100.jpg/ff4444/ffffff,04/10/1994,M,5-L
Katherine Lawrence,2015-97946,http://dummyimage.com/100x100.jpg/5fa2dd/ffffff,02/03/1995,F,1-L
Roger Edwards,2015-96512,http://dummyimage.com/100x100.jpg/ff4444/ffffff,17/01/1997,M,5-L
Margaret Washington,2013-93131,http://dummyimage.com/100x100.jpg/ff4444/ffffff,06/06/1993,F,4-L
Robin Harris,2015-54100,http://dummyimage.com/100x100.jpg/dddddd/000000,21/03/1994,F,6-L
Frank Marshall,2013-76399,http://dummyimage.com/100x100.jpg/dddddd/000000,09/02/1997,M,6-L
Teresa Robinson,2014-25504,http://dummyimage.com/100x100.jpg/ff4444/ffffff,05/12/1996,F,6-L
Gloria Perry,2015-96895,http://dummyimage.com/100x100.jpg/5fa2dd/ffffff,09/02/1997,F,6-L
Matthew Jacobs,2015-76296,http://dummyimage.com/100x100.jpg/5fa2dd/ffffff,18/10/1996,M,5-L
Timothy Olson,2015-62244,http://dummyimage.com/100x100.jpg/ff4444/ffffff,11/06/1997,M,6-L
Annie Lane,2014-08747,http://dummyimage.com/100x100.jpg/ff4444/ffffff,06/01/1997,F,5-L
Edward Jacobs,2014-74780,http://dummyimage.com/100x100.jpg/dddddd/000000,22/09/1995,M,6-L
Lori Lawrence,2014-73921,http://dummyimage.com/100x100.jpg/5fa2dd/ffffff,04/10/1993,F,4-L
Bonnie Green,2014-89523,http://dummyimage.com/100x100.jpg/ff4444/ffffff,09/01/1994,F,6-L
Cynthia Cooper,2015-94228,http://dummyimage.com/100x100.jpg/5fa2dd/ffffff,21/11/1995,F,6-L
Shirley Ellis,2015-89581,http://dummyimage.com/100x100.jpg/dddddd/000000,17/02/1995,F,5-L
Cheryl Stevens,2014-05758,http://dummyimage.com/100x100.jpg/cc0000/ffffff,27/03/1994,F,4-L
Maria Ruiz,2015-91046,http://dummyimage.com/100x100.jpg/5fa2dd/ffffff,27/11/1994,F,3-L
Rose Little,2013-10751,http://dummyimage.com/100x100.jpg/ff4444/ffffff,13/08/1996,F,3-L
Dennis Griffin,2014-44654,http://dummyimage.com/100x100.jpg/5fa2dd/ffffff,09/06/1995,M,6-L
Charles Bishop,2014-05995,http://dummyimage.com/100x100.jpg/dddddd/000000,05/01/1997,M,6-L
Elizabeth Mills,2014-71011,http://dummyimage.com/100x100.jpg/ff4444/ffffff,04/06/1996,F,6-L
Carol Baker,2015-89993,http://dummyimage.com/100x100.jpg/dddddd/000000,15/05/1993,F,6-L
Ronald Hawkins,2015-33988,http://dummyimage.com/100x100.jpg/dddddd/000000,27/05/1998,M,6-L
Shirley Mendoza,2015-90748,http://dummyimage.com/100x100.jpg/ff4444/ffffff,06/05/1993,F,3-L
Ryan Edwards,2014-55685,http://dummyimage.com/100x100.jpg/ff4444/ffffff,20/07/1997,M,6-L
Carlos Dean,2013-96763,http://dummyimage.com/100x100.jpg/5fa2dd/ffffff,12/07/1996,M,4-L
Lois Greene,2015-49055,http://dummyimage.com/100x100.jpg/5fa2dd/ffffff,28/06/1993,F,6-L
Donald Wilson,2015-42354,http://dummyimage.com/100x100.jpg/ff4444/ffffff,04/03/1996,M,5-L
Marie Thompson,2011-80500,http://dummyimage.com/100x100.jpg/dddddd/000000,04/12/1997,F,6-L
Christopher Morales,2011-76818,http://dummyimage.com/100x100.jpg/cc0000/ffffff,27/02/1998,M,6-L
Kenneth Hill,2011-59630,http://dummyimage.com/100x100.jpg/ff4444/ffffff,12/04/1996,M,6-L
Ernest Myers,2015-24215,http://dummyimage.com/100x100.jpg/5fa2dd/ffffff,25/11/1994,M,5-L
Peter Daniels,2011-64342,http://dummyimage.com/100x100.jpg/ff4444/ffffff,15/03/1998,M,5-L
Kimberly Richardson,2015-75871,http://dummyimage.com/100x100.jpg/ff4444/ffffff,01/08/1994,F,6-L
Ernest Andrews,2014-61995,http://dummyimage.com/100x100.jpg/ff4444/ffffff,13/09/1994,M,6-L
Anne Rodriguez,2015-40837,http://dummyimage.com/100x100.jpg/5fa2dd/ffffff,21/09/1994,F,5-L
Lillian Wallace,2015-41996,http://dummyimage.com/100x100.jpg/dddddd/000000,23/09/1994,F,6-L
Ernest Bailey,2014-54125,http://dummyimage.com/100x100.jpg/dddddd/000000,16/02/1999,M,5-L
Rebecca Stanley,2014-62990,http://dummyimage.com/100x100.jpg/ff4444/ffffff,18/05/1994,F,3-L
Doris Campbell,2011-33289,http://dummyimage.com/100x100.jpg/dddddd/000000,17/04/1999,F,6-L
Ashley Fisher,2015-84973,http://dummyimage.com/100x100.jpg/ff4444/ffffff,08/07/1994,F,6-L
Robin Bell,2013-58506,http://dummyimage.com/100x100.jpg/dddddd/000000,27/07/1996,F,1-L
Carl Reyes,2015-04704,http://dummyimage.com/100x100.jpg/dddddd/000000,12/10/1998,M,5-L
Russell Allen,2015-73347,http://dummyimage.com/100x100.jpg/cc0000/ffffff,22/04/1998,M,6-L
Keith Stevens,2014-18604,http://dummyimage.com/100x100.jpg/5fa2dd/ffffff,26/10/1993,M,5-L
Lillian Marshall,2015-94659,http://dummyimage.com/100x100.jpg/ff4444/ffffff,29/12/1996,F,5-L
Judith Greene,2014-76706,http://dummyimage.com/100x100.jpg/dddddd/000000,03/06/1993,F,5-L
Jonathan Daniels,2015-41470,http://dummyimage.com/100x100.jpg/dddddd/000000,19/04/1994,M,6-L
Harold Robinson,2011-10028,http://dummyimage.com/100x100.jpg/5fa2dd/ffffff,25/01/1995,M,5-L
Shirley Kelley,2015-57582,http://dummyimage.com/100x100.jpg/5fa2dd/ffffff,15/08/1995,F,5-L
Frances Hunter,2015-71681,http://dummyimage.com/100x100.jpg/dddddd/000000,06/05/1995,F,6-L
Christopher Peters,2015-00765,http://dummyimage.com/100x100.jpg/dddddd/000000,22/05/1997,M,6-L
Chris Palmer,2015-10908,http://dummyimage.com/100x100.jpg/5fa2dd/ffffff,21/06/1995,M,6-L
Heather Ray,2012-11536,http://dummyimage.com/100x100.jpg/5fa2dd/ffffff,19/09/1997,F,2-L
Dennis Wallace,2014-97809,http://dummyimage.com/100x100.jpg/cc0000/ffffff,13/06/1994,M,5-L
Amanda Carpenter,2013-29445,http://dummyimage.com/100x100.jpg/cc0000/ffffff,30/05/1994,F,6-L
Clarence Scott,2015-09596,http://dummyimage.com/100x100.jpg/dddddd/000000,17/11/1996,M,6-L
Larry Gilbert,2015-20334,http://dummyimage.com/100x100.jpg/cc0000/ffffff,07/04/1999,M,4-L
Bruce Evans,2015-58533,http://dummyimage.com/100x100.jpg/5fa2dd/ffffff,19/01/1997,M,5-L
Phillip Fox,2013-61397,http://dummyimage.com/100x100.jpg/ff4444/ffffff,08/03/1995,M,1-L
Adam Sanchez,2015-96744,http://dummyimage.com/100x100.jpg/5fa2dd/ffffff,03/11/1998,M,6-L
Linda Lawson,2015-14450,http://dummyimage.com/100x100.jpg/cc0000/ffffff,27/01/1996,F,6-L
Clarence Murray,2015-07423,http://dummyimage.com/100x100.jpg/ff4444/ffffff,03/11/1997,M,1-L
Theresa Washington,2014-41372,http://dummyimage.com/100x100.jpg/5fa2dd/ffffff,16/07/1993,F,6-L
Phillip Brooks,2015-92184,http://dummyimage.com/100x100.jpg/cc0000/ffffff,31/08/1994,M,4-L
Evelyn Cooper,2012-15177,http://dummyimage.com/100x100.jpg/ff4444/ffffff,31/10/1994,F,4-L
Elizabeth Boyd,2015-83284,http://dummyimage.com/100x100.jpg/ff4444/ffffff,18/03/1999,F,2-L
Frank Stephens,2015-65278,http://dummyimage.com/100x100.jpg/ff4444/ffffff,10/05/1996,M,4-L
Charles James,2013-62072,http://dummyimage.com/100x100.jpg/ff4444/ffffff,21/08/1995,M,6-L
Jesse Griffin,2015-36470,http://dummyimage.com/100x100.jpg/5fa2dd/ffffff,07/07/1996,M,6-L
Theresa Johnson,2015-57572,http://dummyimage.com/100x100.jpg/dddddd/000000,21/12/1998,F,5-L
Larry Reed,2014-93050,http://dummyimage.com/100x100.jpg/dddddd/000000,12/04/1998,M,4-L
Kimberly Wagner,2014-12266,http://dummyimage.com/100x100.jpg/ff4444/ffffff,28/04/1997,F,4-L
Kenneth Fox,2014-80136,http://dummyimage.com/100x100.jpg/cc0000/ffffff,05/11/1998,M,5-L
Victor Murphy,2015-09260,http://dummyimage.com/100x100.jpg/cc0000/ffffff,15/05/1995,M,6-L
Wayne Young,2015-08576,http://dummyimage.com/100x100.jpg/dddddd/000000,24/02/1994,M,4-L
Scott Ferguson,2015-54593,http://dummyimage.com/100x100.jpg/dddddd/000000,29/09/1993,M,5-L
Ann Burns,2015-60954,http://dummyimage.com/100x100.jpg/ff4444/ffffff,29/01/1994,F,4-L
Margaret Gonzales,2012-16978,http://dummyimage.com/100x100.jpg/dddddd/000000,15/09/1993,F,6-L
Jesse Gordon,2015-26262,http://dummyimage.com/100x100.jpg/cc0000/ffffff,11/12/1996,M,6-L
Justin Howell,2013-44922,http://dummyimage.com/100x100.jpg/5fa2dd/ffffff,10/03/1997,M,5-L
Kathy Day,2015-84905,http://dummyimage.com/100x100.jpg/ff4444/ffffff,22/10/1997,F,6-L
James Thompson,2013-90602,http://dummyimage.com/100x100.jpg/dddddd/000000,16/06/1993,M,6-L
Irene Bell,2015-28190,http://dummyimage.com/100x100.jpg/cc0000/ffffff,09/04/1994,F,6-L
Janet Thomas,2015-92396,http://dummyimage.com/100x100.jpg/dddddd/000000,24/05/1997,F,5-L
Russell Jones,2015-67699,http://dummyimage.com/100x100.jpg/dddddd/000000,04/12/1994,M,6-L
Ernest Chavez,2015-75060,http://dummyimage.com/100x100.jpg/5fa2dd/ffffff,26/12/1998,M,6-L
Marilyn Wheeler,2013-67073,http://dummyimage.com/100x100.jpg/5fa2dd/ffffff,21/04/1997,F,5-L
Theresa Olson,2014-40411,http://dummyimage.com/100x100.jpg/ff4444/ffffff,31/07/1995,F,5-L
Deborah Harvey,2014-32783,http://dummyimage.com/100x100.jpg/5fa2dd/ffffff,30/10/1995,F,6-L
Rachel Simpson,2015-93937,http://dummyimage.com/100x100.jpg/ff4444/ffffff,31/05/1993,F,6-L
Tammy Dean,2015-33612,http://dummyimage.com/100x100.jpg/dddddd/000000,22/05/1995,F,5-L
Kathleen Kelly,2015-12531,http://dummyimage.com/100x100.jpg/5fa2dd/ffffff,13/12/1996,F,6-L
Jeremy Romero,2015-02855,http://dummyimage.com/100x100.jpg/dddddd/000000,07/05/1994,M,4-L
Peter Perkins,2014-80315,http://dummyimage.com/100x100.jpg/cc0000/ffffff,20/10/1998,M,3-L
Terry Simpson,2014-45708,http://dummyimage.com/100x100.jpg/dddddd/000000,06/03/1999,M,4-L
Ryan Cook,2012-89969,http://dummyimage.com/100x100.jpg/5fa2dd/ffffff,11/06/1998,M,6-L
Albert Marshall,2015-32200,http://dummyimage.com/100x100.jpg/5fa2dd/ffffff,24/12/1995,M,6-L
Craig Hart,2015-83375,http://dummyimage.com/100x100.jpg/ff4444/ffffff,21/04/1997,M,3-L
Thomas Jones,2014-11183,http://dummyimage.com/100x100.jpg/dddddd/000000,13/12/1995,M,5-L
Susan Johnson,2015-72807,http://dummyimage.com/100x100.jpg/dddddd/000000,23/03/1996,F,6-L
Bruce Torres,2015-59236,http://dummyimage.com/100x100.jpg/dddddd/000000,15/12/1997,M,6-L
Dorothy Medina,2015-12148,http://dummyimage.com/100x100.jpg/cc0000/ffffff,23/07/1998,F,5-L
Samuel Martin,2012-31536,http://dummyimage.com/100x100.jpg/dddddd/000000,01/07/1996,M,6-L
Amy Burke,2012-03168,http://dummyimage.com/100x100.jpg/ff4444/ffffff,20/07/1996,F,6-L
Kathryn Welch,2014-40482,http://dummyimage.com/100x100.jpg/ff4444/ffffff,25/05/1996,F,6-L
Virginia Stephens,2014-92521,http://dummyimage.com/100x100.jpg/dddddd/000000,13/11/1995,F,6-L
Martha Dunn,2011-07806,http://dummyimage.com/100x100.jpg/cc0000/ffffff,06/01/1996,F,6-L
Chris Chapman,2013-70501,http://dummyimage.com/100x100.jpg/dddddd/000000,07/07/1997,M,2-L
Rachel Long,2014-49381,http://dummyimage.com/100x100.jpg/dddddd/000000,05/01/1996,F,5-L
Mildred Garrett,2015-86748,http://dummyimage.com/100x100.jpg/ff4444/ffffff,28/04/1994,F,6-L
Helen Jacobs,2014-10048,http://dummyimage.com/100x100.jpg/5fa2dd/ffffff,07/05/1995,F,2-L
James Mccoy,2015-85508,http://dummyimage.com/100x100.jpg/ff4444/ffffff,19/06/1997,M,5-L
Ryan Simmons,2015-85180,http://dummyimage.com/100x100.jpg/5fa2dd/ffffff,05/08/1996,M,6-L
Martha Medina,2013-63952,http://dummyimage.com/100x100.jpg/dddddd/000000,01/01/1994,F,1-L
Jason Anderson,2015-34832,http://dummyimage.com/100x100.jpg/5fa2dd/ffffff,24/08/1993,M,6-L
Randy Fowler,2013-13141,http://dummyimage.com/100x100.jpg/cc0000/ffffff,21/11/1994,M,6-L
Joyce Gibson,2015-82390,http://dummyimage.com/100x100.jpg/cc0000/ffffff,11/02/1998,F,6-L
Phyllis Hughes,2015-36428,http://dummyimage.com/100x100.jpg/cc0000/ffffff,23/08/1998,F,6-L
Gloria Andrews,2015-93571,http://dummyimage.com/100x100.jpg/cc0000/ffffff,14/02/1997,F,6-L
Benjamin Sullivan,2012-90766,http://dummyimage.com/100x100.jpg/dddddd/000000,03/12/1997,M,6-L
Phillip Brown,2012-77763,http://dummyimage.com/100x100.jpg/5fa2dd/ffffff,03/03/1996,M,6-L
Sharon Jackson,2015-90119,http://dummyimage.com/100x100.jpg/5fa2dd/ffffff,10/04/1995,F,6-L
Ralph Ward,2015-43004,http://dummyimage.com/100x100.jpg/5fa2dd/ffffff,22/03/1997,M,5-L
Pamela Mason,2015-39878,http://dummyimage.com/100x100.jpg/dddddd/000000,29/03/1995,F,5-L
Robin Riley,2014-66870,http://dummyimage.com/100x100.jpg/cc0000/ffffff,11/03/1994,F,6-L
Wayne Armstrong,2012-37057,http://dummyimage.com/100x100.jpg/5fa2dd/ffffff,03/12/1994,M,5-L
Karen Mccoy,2015-81177,http://dummyimage.com/100x100.jpg/5fa2dd/ffffff,13/10/1994,F,4-L
Jose Martin,2015-35513,http://dummyimage.com/100x100.jpg/cc0000/ffffff,11/12/1997,M,5-L
Tina Foster,2014-96576,http://dummyimage.com/100x100.jpg/ff4444/ffffff,22/06/1998,F,6-L
Frances Butler,2015-83010,http://dummyimage.com/100x100.jpg/dddddd/000000,04/11/1996,F,6-L
Kathy Richards,2015-75901,http://dummyimage.com/100x100.jpg/ff4444/ffffff,27/11/1997,F,6-L
Ryan Burton,2013-70215,http://dummyimage.com/100x100.jpg/5fa2dd/ffffff,08/12/1994,M,6-L
Nicholas Larson,2015-08815,http://dummyimage.com/100x100.jpg/ff4444/ffffff,07/08/1998,M,3-L
Deborah Diaz,2014-66560,http://dummyimage.com/100x100.jpg/ff4444/ffffff,10/12/1994,F,3-L
Kevin Elliott,2015-04621,http://dummyimage.com/100x100.jpg/dddddd/000000,29/11/1996,M,6-L
Sara Harper,2015-89914,http://dummyimage.com/100x100.jpg/cc0000/ffffff,02/01/1994,F,1-L
Daniel James,2015-27020,http://dummyimage.com/100x100.jpg/5fa2dd/ffffff,29/04/1993,M,4-L
Kathleen Murphy,2014-86491,http://dummyimage.com/100x100.jpg/dddddd/000000,28/11/1994,F,6-L
Alan Stone,2011-29669,http://dummyimage.com/100x100.jpg/cc0000/ffffff,12/06/1998,M,6-L
Douglas Burton,2012-94564,http://dummyimage.com/100x100.jpg/dddddd/000000,25/01/1999,M,4-L
Dennis Thomas,2015-98864,http://dummyimage.com/100x100.jpg/5fa2dd/ffffff,19/12/1993,M,5-L
Michelle Long,2015-62398,http://dummyimage.com/100x100.jpg/5fa2dd/ffffff,03/05/1993,F,5-L
Norma Rogers,2015-98295,http://dummyimage.com/100x100.jpg/5fa2dd/ffffff,27/01/1998,F,4-L
Harry Watson,2014-65782,http://dummyimage.com/100x100.jpg/5fa2dd/ffffff,06/04/1998,M,6-L
Jason Berry,2015-82613,http://dummyimage.com/100x100.jpg/dddddd/000000,24/12/1996,M,5-L
Benjamin Owens,2015-91264,http://dummyimage.com/100x100.jpg/5fa2dd/ffffff,11/06/1994,M,5-L
Kevin Evans,2015-02114,http://dummyimage.com/100x100.jpg/cc0000/ffffff,08/03/1998,M,6-L
Thomas Morgan,2014-22521,http://dummyimage.com/100x100.jpg/cc0000/ffffff,21/01/1995,M,5-L
Jeffrey Wright,2014-99156,http://dummyimage.com/100x100.jpg/ff4444/ffffff,13/05/1997,M,5-L
Nancy Gomez,2015-12896,http://dummyimage.com/100x100.jpg/cc0000/ffffff,16/09/1993,F,6-L
Frances Alexander,2013-15894,http://dummyimage.com/100x100.jpg/ff4444/ffffff,16/03/1998,F,5-L
Cynthia Frazier,2015-55143,http://dummyimage.com/100x100.jpg/cc0000/ffffff,04/10/1993,F,2-L
Anthony Watkins,2015-29711,http://dummyimage.com/100x100.jpg/ff4444/ffffff,28/02/1997,M,6-L
Lillian Franklin,2015-38882,http://dummyimage.com/100x100.jpg/5fa2dd/ffffff,29/08/1994,F,5-L
Clarence Larson,2013-88954,http://dummyimage.com/100x100.jpg/dddddd/000000,05/10/1993,M,6-L
Maria Miller,2015-20805,http://dummyimage.com/100x100.jpg/ff4444/ffffff,22/05/1995,F,4-L
Gloria Hughes,2013-22800,http://dummyimage.com/100x100.jpg/ff4444/ffffff,04/11/1995,F,6-L
Emily Olson,2013-50970,http://dummyimage.com/100x100.jpg/dddddd/000000,14/08/1996,F,6-L
Laura Lopez,2015-13259,http://dummyimage.com/100x100.jpg/dddddd/000000,08/05/1994,F,6-L
Jeffrey Watkins,2015-15986,http://dummyimage.com/100x100.jpg/cc0000/ffffff,21/02/1998,M,6-L
Michelle Andrews,2015-68409,http://dummyimage.com/100x100.jpg/5fa2dd/ffffff,10/08/1997,F,6-L
Billy Elliott,2015-43528,http://dummyimage.com/100x100.jpg/5fa2dd/ffffff,09/08/1996,M,5-L
Walter Carter,2015-37237,http://dummyimage.com/100x100.jpg/cc0000/ffffff,06/11/1995,M,6-L
Brenda Smith,2015-32778,http://dummyimage.com/100x100.jpg/cc0000/ffffff,30/06/1995,F,6-L
Kimberly Meyer,2014-24936,http://dummyimage.com/100x100.jpg/cc0000/ffffff,09/12/1994,F,5-L
Stephen Banks,2015-87347,http://dummyimage.com/100x100.jpg/dddddd/000000,20/01/1999,M,4-L
Timothy Wood,2015-48467,http://dummyimage.com/100x100.jpg/ff4444/ffffff,09/04/1999,M,5-L
Anne Ellis,2015-46967,http://dummyimage.com/100x100.jpg/5fa2dd/ffffff,23/11/1995,F,6-L
Frances Howard,2013-34808,http://dummyimage.com/100x100.jpg/dddddd/000000,05/05/1995,F,6-L
Ryan Kelly,2014-27587,http://dummyimage.com/100x100.jpg/cc0000/ffffff,01/12/1996,M,6-L
Steve Henderson,2014-09272,http://dummyimage.com/100x100.jpg/5fa2dd/ffffff,18/06/1998,M,6-L
Daniel Hawkins,2015-15011,http://dummyimage.com/100x100.jpg/cc0000/ffffff,27/10/1996,M,5-L
Jack Rose,2014-64205,http://dummyimage.com/100x100.jpg/cc0000/ffffff,26/11/1996,M,5-L
Jeffrey Henderson,2014-88258,http://dummyimage.com/100x100.jpg/cc0000/ffffff,20/03/1999,M,6-L
Clarence Collins,2015-20269,http://dummyimage.com/100x100.jpg/dddddd/000000,26/06/1995,M,6-L
Todd Hunter,2015-68940,http://dummyimage.com/100x100.jpg/ff4444/ffffff,21/12/1995,M,6-L
Sandra Romero,2015-66294,http://dummyimage.com/100x100.jpg/ff4444/ffffff,17/08/1997,F,6-L
Heather Fisher,2015-30483,http://dummyimage.com/100x100.jpg/ff4444/ffffff,19/12/1997,F,4-L
Janice Ramirez,2015-49567,http://dummyimage.com/100x100.jpg/ff4444/ffffff,20/07/1994,F,6-L
Albert Mills,2013-64637,http://dummyimage.com/100x100.jpg/dddddd/000000,04/04/1997,M,6-L
Lillian Stephens,2015-74193,http://dummyimage.com/100x100.jpg/ff4444/ffffff,03/12/1997,F,6-L
Catherine Henderson,2015-62118,http://dummyimage.com/100x100.jpg/dddddd/000000,25/03/1995,F,3-L
Janice Wright,2011-78903,http://dummyimage.com/100x100.jpg/cc0000/ffffff,24/03/1998,F,5-L
Maria Weaver,2014-39685,http://dummyimage.com/100x100.jpg/ff4444/ffffff,01/01/1999,F,6-L
Scott Simmons,2013-80610,http://dummyimage.com/100x100.jpg/dddddd/000000,31/01/1999,M,6-L
Dorothy Matthews,2014-01008,http://dummyimage.com/100x100.jpg/dddddd/000000,17/06/1993,F,6-L
Jose Berry,2015-73245,http://dummyimage.com/100x100.jpg/5fa2dd/ffffff,03/09/1996,M,6-L
Christopher Garcia,2014-00989,http://dummyimage.com/100x100.jpg/5fa2dd/ffffff,22/06/1995,M,5-L
Virginia Reyes,2010-13119,http://dummyimage.com/100x100.jpg/cc0000/ffffff,12/03/1999,F,5-L
Eric Welch,2014-50522,http://dummyimage.com/100x100.jpg/cc0000/ffffff,26/05/1998,M,6-L
Kenneth Medina,2012-74409,http://dummyimage.com/100x100.jpg/5fa2dd/ffffff,16/08/1996,M,4-L
Ruby Fowler,2015-46634,http://dummyimage.com/100x100.jpg/cc0000/ffffff,05/01/1995,F,5-L
Gregory Watkins,2015-98967,http://dummyimage.com/100x100.jpg/dddddd/000000,21/08/1995,M,6-L
Nicole Bishop,2015-17017,http://dummyimage.com/100x100.jpg/ff4444/ffffff,07/12/1996,F,6-L
Timothy Rivera,2014-32567,http://dummyimage.com/100x100.jpg/5fa2dd/ffffff,05/04/1997,M,3-L
Roy Ward,2013-26314,http://dummyimage.com/100x100.jpg/cc0000/ffffff,17/10/1997,M,5-L
Matthew Hall,2011-23082,http://dummyimage.com/100x100.jpg/5fa2dd/ffffff,11/02/1999,M,6-L
Gary Rivera,2014-18448,http://dummyimage.com/100x100.jpg/ff4444/ffffff,06/07/1998,M,6-L
Tammy White,2015-07194,http://dummyimage.com/100x100.jpg/ff4444/ffffff,01/12/1996,F,5-L
Louis Thomas,2015-40571,http://dummyimage.com/100x100.jpg/5fa2dd/ffffff,21/06/1996,M,6-L
Ruby Harrison,2015-13238,http://dummyimage.com/100x100.jpg/dddddd/000000,23/12/1997,F,2-L
Rebecca Miller,2014-18216,http://dummyimage.com/100x100.jpg/5fa2dd/ffffff,16/02/1997,F,3-L
David Ferguson,2010-28598,http://dummyimage.com/100x100.jpg/cc0000/ffffff,22/03/1998,M,5-L
Andrew Snyder,2012-22825,http://dummyimage.com/100x100.jpg/dddddd/000000,11/10/1994,M,4-L
Nancy Torres,2015-89208,http://dummyimage.com/100x100.jpg/dddddd/000000,22/11/1993,F,5-L
Theresa Johnson,2014-38826,http://dummyimage.com/100x100.jpg/dddddd/000000,04/11/1996,F,4-L
Jimmy Ruiz,2011-72123,http://dummyimage.com/100x100.jpg/cc0000/ffffff,19/04/1997,M,6-L
Jeremy Boyd,2012-26143,http://dummyimage.com/100x100.jpg/cc0000/ffffff,02/05/1997,M,5-L
Albert Cole,2012-48618,http://dummyimage.com/100x100.jpg/cc0000/ffffff,17/03/1999,M,6-L
Carlos Dixon,2015-31931,http://dummyimage.com/100x100.jpg/5fa2dd/ffffff,02/06/1995,M,4-L
Aaron Little,2015-67283,http://dummyimage.com/100x100.jpg/cc0000/ffffff,14/01/1998,M,2-L
Billy Perez,2015-98757,http://dummyimage.com/100x100.jpg/dddddd/000000,08/09/1998,M,4-L
Paula Gonzalez,2012-45336,http://dummyimage.com/100x100.jpg/dddddd/000000,11/12/1997,F,4-L
Kimberly Price,2015-95827,http://dummyimage.com/100x100.jpg/5fa2dd/ffffff,26/08/1995,F,6-L
Albert Ray,2014-39259,http://dummyimage.com/100x100.jpg/cc0000/ffffff,05/10/1997,M,6-L
Nancy Clark,2015-71415,http://dummyimage.com/100x100.jpg/5fa2dd/ffffff,15/10/1996,F,5-L
Ralph Wagner,2015-80928,http://dummyimage.com/100x100.jpg/dddddd/000000,20/01/1995,M,6-L
Emily Armstrong,2015-89476,http://dummyimage.com/100x100.jpg/cc0000/ffffff,20/07/1995,F,4-L
Jerry Murray,2014-25407,http://dummyimage.com/100x100.jpg/cc0000/ffffff,25/07/1993,M,5-L
Adam Fernandez,2015-85073,http://dummyimage.com/100x100.jpg/dddddd/000000,01/12/1995,M,5-L
Bobby Hamilton,2014-85006,http://dummyimage.com/100x100.jpg/ff4444/ffffff,13/10/1993,M,6-L
Sean Sullivan,2015-44360,http://dummyimage.com/100x100.jpg/cc0000/ffffff,23/06/1994,M,4-L
Keith Rodriguez,2014-94575,http://dummyimage.com/100x100.jpg/5fa2dd/ffffff,19/05/1996,M,4-L
Lori Matthews,2011-35243,http://dummyimage.com/100x100.jpg/cc0000/ffffff,28/08/1994,F,5-L
Albert Phillips,2015-72417,http://dummyimage.com/100x100.jpg/5fa2dd/ffffff,09/04/1994,M,4-L
Heather Castillo,2015-14848,http://dummyimage.com/100x100.jpg/cc0000/ffffff,26/05/1994,F,4-L
Howard Cruz,2013-85657,http://dummyimage.com/100x100.jpg/dddddd/000000,11/10/1997,M,6-L
Kathleen White,2015-70937,http://dummyimage.com/100x100.jpg/dddddd/000000,02/01/1999,F,3-L
Matthew Scott,2015-27139,http://dummyimage.com/100x100.jpg/ff4444/ffffff,23/10/1993,M,5-L
Maria Bailey,2014-79630,http://dummyimage.com/100x100.jpg/dddddd/000000,25/11/1996,F,4-L
Samuel Peterson,2015-39546,http://dummyimage.com/100x100.jpg/5fa2dd/ffffff,03/01/1997,M,4-L
Willie Dean,2015-77939,http://dummyimage.com/100x100.jpg/ff4444/ffffff,04/02/1999,M,5-L
Lois Adams,2015-68477,http://dummyimage.com/100x100.jpg/cc0000/ffffff,26/08/1997,F,4-L
Jimmy Roberts,2013-51240,http://dummyimage.com/100x100.jpg/cc0000/ffffff,21/02/1996,M,5-L
Steve Williams,2012-58279,http://dummyimage.com/100x100.jpg/cc0000/ffffff,04/07/1995,M,5-L
Chris Thompson,2012-75583,http://dummyimage.com/100x100.jpg/dddddd/000000,23/04/1995,M,3-L
Melissa Davis,2015-16110,http://dummyimage.com/100x100.jpg/5fa2dd/ffffff,17/04/1999,F,6-L
Samuel Holmes,2015-95450,http://dummyimage.com/100x100.jpg/ff4444/ffffff,29/04/1993,M,6-L
Donald Castillo,2014-55883,http://dummyimage.com/100x100.jpg/dddddd/000000,13/03/1995,M,5-L
Fred Adams,2014-85096,http://dummyimage.com/100x100.jpg/5fa2dd/ffffff,15/04/1999,M,5-L
Eric Young,2014-36645,http://dummyimage.com/100x100.jpg/dddddd/000000,05/07/1993,M,5-L
Nancy Gutierrez,2010-44174,http://dummyimage.com/100x100.jpg/ff4444/ffffff,28/05/1995,F,6-L
Cheryl Stevens,2014-16608,http://dummyimage.com/100x100.jpg/dddddd/000000,17/07/1996,F,2-L
Rose Daniels,2015-65316,http://dummyimage.com/100x100.jpg/cc0000/ffffff,04/01/1996,F,5-L
Chris Ruiz,2015-69593,http://dummyimage.com/100x100.jpg/cc0000/ffffff,25/09/1994,M,6-L
Roy Torres,2015-28372,http://dummyimage.com/100x100.jpg/cc0000/ffffff,03/11/1993,M,3-L
Elizabeth Little,2015-63943,http://dummyimage.com/100x100.jpg/dddddd/000000,03/07/1994,F,6-L
Patrick Austin,2015-99318,http://dummyimage.com/100x100.jpg/ff4444/ffffff,16/10/1993,M,4-L
Wanda Cook,2015-25856,http://dummyimage.com/100x100.jpg/dddddd/000000,15/01/1998,F,6-L
Jeremy Bowman,2015-50529,http://dummyimage.com/100x100.jpg/dddddd/000000,03/09/1995,M,6-L
Phyllis Spencer,2015-91809,http://dummyimage.com/100x100.jpg/ff4444/ffffff,27/02/1999,F,6-L
Juan Frazier,2015-18936,http://dummyimage.com/100x100.jpg/cc0000/ffffff,03/11/1995,M,6-L
Emily Medina,2014-05647,http://dummyimage.com/100x100.jpg/dddddd/000000,24/05/1997,F,2-L
Louis Wagner,2015-64239,http://dummyimage.com/100x100.jpg/5fa2dd/ffffff,10/09/1995,M,5-L
Carlos Little,2013-19007,http://dummyimage.com/100x100.jpg/cc0000/ffffff,12/10/1993,M,6-L
Earl Bryant,2013-86067,http://dummyimage.com/100x100.jpg/cc0000/ffffff,09/12/1993,M,5-L
Kimberly Baker,2015-38886,http://dummyimage.com/100x100.jpg/cc0000/ffffff,03/08/1998,F,5-L
Norma Dunn,2013-57187,http://dummyimage.com/100x100.jpg/cc0000/ffffff,11/08/1998,F,6-L
Maria Mccoy,2015-77985,http://dummyimage.com/100x100.jpg/5fa2dd/ffffff,29/11/1994,F,6-L
Harry Mills,2015-51820,http://dummyimage.com/100x100.jpg/5fa2dd/ffffff,26/11/1993,M,6-L
Philip Rogers,2015-21362,http://dummyimage.com/100x100.jpg/dddddd/000000,18/10/1993,M,6-L
Angela Martinez,2014-11135,http://dummyimage.com/100x100.jpg/dddddd/000000,08/04/1997,F,5-L
Harold Martin,2013-59407,http://dummyimage.com/100x100.jpg/5fa2dd/ffffff,14/06/1993,M,6-L
Evelyn Hart,2015-51609,http://dummyimage.com/100x100.jpg/dddddd/000000,08/05/1993,F,6-L
Emily Burns,2012-78539,http://dummyimage.com/100x100.jpg/5fa2dd/ffffff,25/05/1995,F,6-L
Henry Lawson,2015-88529,http://dummyimage.com/100x100.jpg/ff4444/ffffff,16/07/1995,M,6-L
Steve Owens,2012-07435,http://dummyimage.com/100x100.jpg/cc0000/ffffff,07/04/1998,M,6-L
Joan Wagner,2013-51431,http://dummyimage.com/100x100.jpg/5fa2dd/ffffff,07/06/1993,F,5-L
Samuel Morris,2015-58943,http://dummyimage.com/100x100.jpg/cc0000/ffffff,16/03/1998,M,4-L
Victor Nelson,2012-76551,http://dummyimage.com/100x100.jpg/cc0000/ffffff,09/12/1993,M,6-L
Howard Richards,2015-59186,http://dummyimage.com/100x100.jpg/5fa2dd/ffffff,10/01/1999,M,6-L
George Bishop,2012-59736,http://dummyimage.com/100x100.jpg/cc0000/ffffff,20/03/1997,M,5-L
Rebecca Murphy,2015-29160,http://dummyimage.com/100x100.jpg/dddddd/000000,29/04/1996,F,5-L
Fred Lopez,2014-96895,http://dummyimage.com/100x100.jpg/cc0000/ffffff,24/07/1993,M,6-L
Robin Harris,2014-94060,http://dummyimage.com/100x100.jpg/cc0000/ffffff,28/04/1997,F,6-L
Donald Edwards,2014-46141,http://dummyimage.com/100x100.jpg/cc0000/ffffff,29/08/1994,M,5-L
Fred Chavez,2014-87251,http://dummyimage.com/100x100.jpg/5fa2dd/ffffff,05/04/1995,M,6-L
Tammy Wheeler,2014-08662,http://dummyimage.com/100x100.jpg/cc0000/ffffff,02/01/1998,F,5-L
George Lane,2013-06795,http://dummyimage.com/100x100.jpg/cc0000/ffffff,14/09/1994,M,4-L
Ernest Arnold,2015-23282,http://dummyimage.com/100x100.jpg/ff4444/ffffff,16/09/1997,M,5-L
Rachel Greene,2012-57914,http://dummyimage.com/100x100.jpg/ff4444/ffffff,28/01/1994,F,4-L
Louis Rogers,2013-81990,http://dummyimage.com/100x100.jpg/ff4444/ffffff,05/11/1994,M,5-L
Harry Bell,2015-55758,http://dummyimage.com/100x100.jpg/5fa2dd/ffffff,24/11/1993,M,4-L
Teresa Gray,2015-13475,http://dummyimage.com/100x100.jpg/dddddd/000000,04/10/1998,F,6-L
Karen Freeman,2014-42887,http://dummyimage.com/100x100.jpg/ff4444/ffffff,06/10/1997,F,6-L
Sarah Cook,2013-39012,http://dummyimage.com/100x100.jpg/dddddd/000000,29/03/1994,F,5-L
Billy Evans,2015-97108,http://dummyimage.com/100x100.jpg/5fa2dd/ffffff,14/01/1995,M,6-L
Terry Weaver,2012-29156,http://dummyimage.com/100x100.jpg/5fa2dd/ffffff,19/11/1993,M,6-L
Adam Grant,2014-09294,http://dummyimage.com/100x100.jpg/ff4444/ffffff,20/03/1997,M,5-L
Jane Taylor,2015-14885,http://dummyimage.com/100x100.jpg/dddddd/000000,09/07/1997,F,6-L
Michelle Hudson,2013-39072,http://dummyimage.com/100x100.jpg/cc0000/ffffff,25/03/1998,F,3-L
Janet Gibson,2011-78909,http://dummyimage.com/100x100.jpg/dddddd/000000,20/01/1998,F,5-L
Joe Ramos,2015-57130,http://dummyimage.com/100x100.jpg/dddddd/000000,08/09/1997,M,6-L
Cheryl Morris,2012-05788,http://dummyimage.com/100x100.jpg/cc0000/ffffff,08/12/1994,F,4-L
Doris Ortiz,2015-91025,http://dummyimage.com/100x100.jpg/ff4444/ffffff,30/09/1997,F,5-L
Joseph Ruiz,2014-33216,http://dummyimage.com/100x100.jpg/dddddd/000000,05/01/1999,M,5-L
Albert Gutierrez,2013-35475,http://dummyimage.com/100x100.jpg/dddddd/000000,07/02/1996,M,5-L
Beverly Jenkins,2014-44615,http://dummyimage.com/100x100.jpg/ff4444/ffffff,29/11/1993,F,4-L
Roy Hawkins,2015-65840,http://dummyimage.com/100x100.jpg/cc0000/ffffff,07/11/1996,M,5-L
Joe Gray,2015-74984,http://dummyimage.com/100x100.jpg/ff4444/ffffff,02/01/1996,M,6-L
Ruby Gomez,2015-79213,http://dummyimage.com/100x100.jpg/ff4444/ffffff,06/10/1997,F,6-L
Sara Sanchez,2015-57771,http://dummyimage.com/100x100.jpg/5fa2dd/ffffff,09/07/1997,F,5-L
Donald Lawson,2011-89931,http://dummyimage.com/100x100.jpg/dddddd/000000,10/08/1995,M,3-L
Wayne Jones,2015-86905,http://dummyimage.com/100x100.jpg/dddddd/000000,22/05/1998,M,5-L
Anthony Willis,2013-88289,http://dummyimage.com/100x100.jpg/cc0000/ffffff,02/01/1995,M,6-L
Brandon Cooper,2013-12049,http://dummyimage.com/100x100.jpg/cc0000/ffffff,02/06/1993,M,6-L
Kelly Moore,2015-22570,http://dummyimage.com/100x100.jpg/5fa2dd/ffffff,26/06/1994,F,5-L
Angela Armstrong,2015-89320,http://dummyimage.com/100x100.jpg/ff4444/ffffff,20/11/1994,F,5-L
Harold Stewart,2014-14453,http://dummyimage.com/100x100.jpg/cc0000/ffffff,07/07/1997,M,6-L
Aaron Burke,2014-09881,http://dummyimage.com/100x100.jpg/ff4444/ffffff,07/05/1997,M,4-L
Amanda Stone,2010-11388,http://dummyimage.com/100x100.jpg/dddddd/000000,08/09/1997,F,4-L
George Day,2015-76879,http://dummyimage.com/100x100.jpg/ff4444/ffffff,29/04/1995,M,3-L
Charles Kennedy,2014-84780,http://dummyimage.com/100x100.jpg/ff4444/ffffff,01/12/1998,M,6-L
Lawrence Kelley,2011-37209,http://dummyimage.com/100x100.jpg/ff4444/ffffff,12/02/1998,M,6-L
Thomas Tucker,2013-79025,http://dummyimage.com/100x100.jpg/dddddd/000000,15/03/1998,M,6-L
Doris Willis,2011-01789,http://dummyimage.com/100x100.jpg/cc0000/ffffff,16/05/1995,F,5-L
Joshua Alexander,2013-85016,http://dummyimage.com/100x100.jpg/cc0000/ffffff,28/08/1998,M,6-L
Debra Jordan,2014-12844,http://dummyimage.com/100x100.jpg/5fa2dd/ffffff,24/05/1998,F,6-L
Christopher Welch,2015-31196,http://dummyimage.com/100x100.jpg/dddddd/000000,16/08/1994,M,5-L
Kelly Gonzales,2015-56073,http://dummyimage.com/100x100.jpg/ff4444/ffffff,04/02/1995,F,6-L
Jesse Lynch,2014-19693,http://dummyimage.com/100x100.jpg/cc0000/ffffff,31/05/1995,M,1-L
Kevin Myers,2013-41567,http://dummyimage.com/100x100.jpg/5fa2dd/ffffff,31/07/1997,M,6-L
Matthew Gordon,2014-13562,http://dummyimage.com/100x100.jpg/5fa2dd/ffffff,18/11/1996,M,5-L
Carlos Williamson,2014-51832,http://dummyimage.com/100x100.jpg/cc0000/ffffff,25/04/1999,M,5-L
Sandra Mccoy,2010-02679,http://dummyimage.com/100x100.jpg/dddddd/000000,20/03/1998,F,6-L
Kathleen Cunningham,2014-46576,http://dummyimage.com/100x100.jpg/cc0000/ffffff,01/04/1994,F,6-L
Paul Jacobs,2013-61907,http://dummyimage.com/100x100.jpg/ff4444/ffffff,01/10/1995,M,5-L
Michael Washington,2015-64412,http://dummyimage.com/100x100.jpg/5fa2dd/ffffff,11/09/1994,M,5-L
Cheryl Watkins,2013-52836,http://dummyimage.com/100x100.jpg/dddddd/000000,22/07/1993,F,4-L
Steve Moreno,2014-14528,http://dummyimage.com/100x100.jpg/5fa2dd/ffffff,15/11/1993,M,5-L
Bobby Wood,2012-58862,http://dummyimage.com/100x100.jpg/5fa2dd/ffffff,10/06/1994,M,5-L
Lawrence Perez,2015-23046,http://dummyimage.com/100x100.jpg/ff4444/ffffff,02/07/1998,M,5-L
Jennifer Moore,2015-68031,http://dummyimage.com/100x100.jpg/cc0000/ffffff,19/04/1998,F,6-L
Louise Stanley,2015-31742,http://dummyimage.com/100x100.jpg/5fa2dd/ffffff,30/07/1998,F,6-L
Jose Henry,2015-47957,http://dummyimage.com/100x100.jpg/dddddd/000000,01/08/1996,M,5-L
Dennis Cunningham,2014-10381,http://dummyimage.com/100x100.jpg/cc0000/ffffff,26/08/1998,M,5-L
Charles Armstrong,2014-15596,http://dummyimage.com/100x100.jpg/cc0000/ffffff,05/12/1997,M,5-L
Keith Hawkins,2014-46817,http://dummyimage.com/100x100.jpg/cc0000/ffffff,25/07/1997,M,6-L
Diana Dean,2015-99499,http://dummyimage.com/100x100.jpg/cc0000/ffffff,20/05/1994,F,5-L
Edward Montgomery,2010-93380,http://dummyimage.com/100x100.jpg/ff4444/ffffff,07/10/1998,M,5-L
Jason Wells,2015-31479,http://dummyimage.com/100x100.jpg/cc0000/ffffff,08/07/1998,M,6-L
Ryan Lewis,2014-10932,http://dummyimage.com/100x100.jpg/dddddd/000000,25/04/1999,M,6-L
Judith Daniels,2014-50212,http://dummyimage.com/100x100.jpg/ff4444/ffffff,10/06/1996,F,6-L
Evelyn Patterson,2015-78321,http://dummyimage.com/100x100.jpg/dddddd/000000,13/11/1996,F,6-L
Tammy Carter,2014-05041,http://dummyimage.com/100x100.jpg/5fa2dd/ffffff,13/06/1993,F,5-L
Phyllis Ferguson,2015-93500,http://dummyimage.com/100x100.jpg/cc0000/ffffff,13/11/1997,F,4-L
Laura Hawkins,2014-48075,http://dummyimage.com/100x100.jpg/dddddd/000000,01/05/1997,F,6-L
Mark Howard,2015-81535,http://dummyimage.com/100x100.jpg/cc0000/ffffff,28/06/1998,M,6-L
Ralph Greene,2015-28254,http://dummyimage.com/100x100.jpg/ff4444/ffffff,07/09/1995,M,6-L
Diane Wells,2015-44698,http://dummyimage.com/100x100.jpg/5fa2dd/ffffff,28/07/1998,F,5-L
Anne Russell,2012-58381,http://dummyimage.com/100x100.jpg/dddddd/000000,11/05/1993,F,5-L
Carl Robertson,2014-31917,http://dummyimage.com/100x100.jpg/5fa2dd/ffffff,01/05/1995,M,6-L
Jesse Boyd,2015-04535,http://dummyimage.com/100x100.jpg/5fa2dd/ffffff,08/05/1995,M,6-L
Lois Franklin,2014-81262,http://dummyimage.com/100x100.jpg/ff4444/ffffff,31/01/1999,F,4-L
Ruby Perez,2010-10138,http://dummyimage.com/100x100.jpg/ff4444/ffffff,13/02/1995,F,6-L
Frank Stone,2014-00159,http://dummyimage.com/100x100.jpg/cc0000/ffffff,06/04/1998,M,1-L
Frances Reed,2013-58892,http://dummyimage.com/100x100.jpg/dddddd/000000,20/05/1997,F,3-L
Brandon James,2015-89618,http://dummyimage.com/100x100.jpg/dddddd/000000,04/08/1996,M,6-L
Brian Howell,2014-97688,http://dummyimage.com/100x100.jpg/dddddd/000000,19/11/1996,M,6-L
Joan Kelly,2015-22350,http://dummyimage.com/100x100.jpg/dddddd/000000,25/01/1994,F,5-L
Eric Gutierrez,2015-09534,http://dummyimage.com/100x100.jpg/dddddd/000000,29/10/1996,M,5-L
Michael Willis,2015-61613,http://dummyimage.com/100x100.jpg/dddddd/000000,10/06/1993,M,6-L
Pamela Clark,2015-81454,http://dummyimage.com/100x100.jpg/ff4444/ffffff,07/11/1998,F,6-L
Katherine Matthews,2015-86285,http://dummyimage.com/100x100.jpg/5fa2dd/ffffff,08/11/1994,F,6-L
Kelly Murray,2015-44127,http://dummyimage.com/100x100.jpg/cc0000/ffffff,10/04/1996,F,5-L
Brenda Sims,2015-98916,http://dummyimage.com/100x100.jpg/cc0000/ffffff,11/05/1996,F,4-L
Kevin Kim,2012-41018,http://dummyimage.com/100x100.jpg/ff4444/ffffff,20/02/1996,M,6-L
Ruth Watkins,2015-72447,http://dummyimage.com/100x100.jpg/5fa2dd/ffffff,04/03/1997,F,6-L
Aaron Carpenter,2011-43030,http://dummyimage.com/100x100.jpg/cc0000/ffffff,13/12/1996,M,5-L
Johnny Henry,2015-69501,http://dummyimage.com/100x100.jpg/cc0000/ffffff,18/03/1999,M,5-L
Ruby Garcia,2014-49275,http://dummyimage.com/100x100.jpg/5fa2dd/ffffff,04/05/1993,F,6-L
Sean Greene,2014-38938,http://dummyimage.com/100x100.jpg/ff4444/ffffff,12/01/1997,M,4-L
Walter Harris,2015-09420,http://dummyimage.com/100x100.jpg/5fa2dd/ffffff,07/09/1995,M,6-L
Kathryn Larson,2014-15895,http://dummyimage.com/100x100.jpg/5fa2dd/ffffff,20/10/1995,F,4-L
Roger Woods,2015-59850,http://dummyimage.com/100x100.jpg/cc0000/ffffff,14/10/1997,M,4-L
Keith Frazier,2010-33444,http://dummyimage.com/100x100.jpg/ff4444/ffffff,29/07/1996,M,5-L
Irene Bailey,2014-13824,http://dummyimage.com/100x100.jpg/ff4444/ffffff,13/10/1994,F,6-L
Joshua Griffin,2015-61656,http://dummyimage.com/100x100.jpg/ff4444/ffffff,06/11/1994,M,5-L
Carlos Howard,2015-46381,http://dummyimage.com/100x100.jpg/cc0000/ffffff,10/10/1995,M,6-L
William Alvarez,2015-46944,http://dummyimage.com/100x100.jpg/5fa2dd/ffffff,29/04/1998,M,5-L
Earl Cook,2014-80635,http://dummyimage.com/100x100.jpg/5fa2dd/ffffff,26/08/1998,M,1-L
Heather Oliver,2014-56661,http://dummyimage.com/100x100.jpg/5fa2dd/ffffff,02/08/1995,F,6-L
Harry Diaz,2011-29192,http://dummyimage.com/100x100.jpg/cc0000/ffffff,23/06/1994,M,4-L
Carol Warren,2013-02249,http://dummyimage.com/100x100.jpg/cc0000/ffffff,20/04/1998,F,3-L
Eugene Harris,2015-53125,http://dummyimage.com/100x100.jpg/dddddd/000000,08/11/1996,M,6-L
Katherine Kennedy,2015-68685,http://dummyimage.com/100x100.jpg/ff4444/ffffff,21/05/1995,F,6-L
Evelyn Rogers,2014-76436,http://dummyimage.com/100x100.jpg/cc0000/ffffff,31/07/1996,F,6-L
Alice Jackson,2014-66142,http://dummyimage.com/100x100.jpg/ff4444/ffffff,03/11/1997,F,5-L
Michelle Romero,2015-63499,http://dummyimage.com/100x100.jpg/5fa2dd/ffffff,16/03/1995,F,6-L
Nicole Torres,2015-88532,http://dummyimage.com/100x100.jpg/dddddd/000000,23/12/1994,F,6-L
Eric Owens,2015-06410,http://dummyimage.com/100x100.jpg/cc0000/ffffff,03/09/1998,M,6-L
Ryan Porter,2015-19933,http://dummyimage.com/100x100.jpg/cc0000/ffffff,22/11/1993,M,4-L
Kimberly Olson,2015-89020,http://dummyimage.com/100x100.jpg/ff4444/ffffff,14/03/1997,F,6-L
Cynthia Cole,2011-87825,http://dummyimage.com/100x100.jpg/5fa2dd/ffffff,27/05/1996,F,5-L
Kathy Black,2013-10607,http://dummyimage.com/100x100.jpg/5fa2dd/ffffff,18/08/1995,F,4-L
Doris Castillo,2015-47278,http://dummyimage.com/100x100.jpg/cc0000/ffffff,16/09/1995,F,2-L
Irene Harris,2012-41451,http://dummyimage.com/100x100.jpg/ff4444/ffffff,25/09/1993,F,6-L
Cheryl Richards,2015-78885,http://dummyimage.com/100x100.jpg/cc0000/ffffff,13/04/1999,F,5-L
Kenneth Ray,2014-82451,http://dummyimage.com/100x100.jpg/ff4444/ffffff,20/11/1997,M,6-L
Joan Nelson,2013-82068,http://dummyimage.com/100x100.jpg/cc0000/ffffff,20/11/1997,F,5-L
Patricia Collins,2014-54743,http://dummyimage.com/100x100.jpg/cc0000/ffffff,18/05/1997,F,6-L
Joyce Cunningham,2014-88715,http://dummyimage.com/100x100.jpg/5fa2dd/ffffff,12/02/1997,F,6-L
Cheryl Lopez,2015-31620,http://dummyimage.com/100x100.jpg/5fa2dd/ffffff,21/05/1993,F,6-L
Lawrence Brooks,2014-48845,http://dummyimage.com/100x100.jpg/5fa2dd/ffffff,14/12/1997,M,6-L
Martha Morales,2014-37628,http://dummyimage.com/100x100.jpg/cc0000/ffffff,27/06/1993,F,5-L
Andrew Taylor,2015-16682,http://dummyimage.com/100x100.jpg/5fa2dd/ffffff,31/01/1994,M,6-L
Frank Ward,2010-63130,http://dummyimage.com/100x100.jpg/ff4444/ffffff,17/11/1996,M,2-L
Alice Lynch,2015-25929,http://dummyimage.com/100x100.jpg/ff4444/ffffff,25/11/1994,F,5-L
Amanda Rice,2015-80752,http://dummyimage.com/100x100.jpg/cc0000/ffffff,07/08/1994,F,6-L
Mildred Bowman,2012-79591,http://dummyimage.com/100x100.jpg/cc0000/ffffff,19/10/1997,F,5-L
Norma Wells,2015-83414,http://dummyimage.com/100x100.jpg/dddddd/000000,15/02/1997,F,6-L
Nancy Little,2014-63711,http://dummyimage.com/100x100.jpg/5fa2dd/ffffff,02/08/1996,F,6-L
Alice Wilson,2015-67609,http://dummyimage.com/100x100.jpg/cc0000/ffffff,26/08/1993,F,5-L
Billy Gordon,2014-62763,http://dummyimage.com/100x100.jpg/cc0000/ffffff,25/08/1997,M,6-L
Jeffrey Lee,2012-91450,http://dummyimage.com/100x100.jpg/5fa2dd/ffffff,12/11/1995,M,5-L
Jennifer Fields,2012-64659,http://dummyimage.com/100x100.jpg/5fa2dd/ffffff,06/10/1997,F,6-L
Craig Frazier,2015-02575,http://dummyimage.com/100x100.jpg/cc0000/ffffff,10/07/1994,M,1-L
Harry Garcia,2014-68349,http://dummyimage.com/100x100.jpg/dddddd/000000,03/01/1996,M,5-L
Julie Mitchell,2015-01134,http://dummyimage.com/100x100.jpg/cc0000/ffffff,03/11/1997,F,2-L
Paula Black,2014-41209,http://dummyimage.com/100x100.jpg/ff4444/ffffff,20/04/1999,F,6-L
Albert Moore,2014-51143,http://dummyimage.com/100x100.jpg/ff4444/ffffff,21/09/1994,M,6-L
Lawrence Wells,2015-37935,http://dummyimage.com/100x100.jpg/dddddd/000000,18/09/1996,M,6-L
Norma Gardner,2015-31418,http://dummyimage.com/100x100.jpg/cc0000/ffffff,06/10/1993,F,6-L
Juan Lynch,2013-57282,http://dummyimage.com/100x100.jpg/cc0000/ffffff,06/09/1993,M,5-L
Teresa Hart,2014-98729,http://dummyimage.com/100x100.jpg/ff4444/ffffff,17/07/1997,F,6-L
Doris Collins,2015-96945,http://dummyimage.com/100x100.jpg/cc0000/ffffff,12/01/1994,F,6-L
Elizabeth Burns,2012-83686,http://dummyimage.com/100x100.jpg/dddddd/000000,23/12/1994,F,3-L
Marilyn White,2014-32671,http://dummyimage.com/100x100.jpg/cc0000/ffffff,12/04/1997,F,6-L
George Schmidt,2014-09456,http://dummyimage.com/100x100.jpg/5fa2dd/ffffff,12/02/1996,M,5-L
Jason Rivera,2015-56981,http://dummyimage.com/100x100.jpg/5fa2dd/ffffff,29/08/1998,M,6-L
Jose Welch,2013-26905,http://dummyimage.com/100x100.jpg/5fa2dd/ffffff,07/06/1996,M,6-L
Willie Chavez,2011-42874,http://dummyimage.com/100x100.jpg/cc0000/ffffff,31/12/1997,M,6-L
Angela Barnes,2013-79476,http://dummyimage.com/100x100.jpg/ff4444/ffffff,23/11/1993,F,6-L
Roy Perez,2015-87449,http://dummyimage.com/100x100.jpg/5fa2dd/ffffff,30/05/1996,M,6-L
Jason Robinson,2014-49519,http://dummyimage.com/100x100.jpg/5fa2dd/ffffff,27/12/1994,M,6-L
Victor Brown,2014-99849,http://dummyimage.com/100x100.jpg/dddddd/000000,15/06/1996,M,5-L
Lisa Gonzalez,2015-76538,http://dummyimage.com/100x100.jpg/ff4444/ffffff,04/12/1995,F,4-L
Catherine Berry,2011-02780,http://dummyimage.com/100x100.jpg/ff4444/ffffff,04/08/1996,F,4-L
Jennifer Crawford,2010-58965,http://dummyimage.com/100x100.jpg/dddddd/000000,25/05/1993,F,3-L
Harold Morales,2013-89035,http://dummyimage.com/100x100.jpg/ff4444/ffffff,07/06/1994,M,5-L
Beverly Bailey,2014-47144,http://dummyimage.com/100x100.jpg/dddddd/000000,01/10/1993,F,6-L
Harold Williamson,2015-12356,http://dummyimage.com/100x100.jpg/cc0000/ffffff,18/12/1993,M,5-L
Betty Ruiz,2014-35914,http://dummyimage.com/100x100.jpg/cc0000/ffffff,08/02/1995,F,3-L
Arthur Ryan,2015-63356,http://dummyimage.com/100x100.jpg/5fa2dd/ffffff,16/01/1995,M,5-L
Mary West,2015-50632,http://dummyimage.com/100x100.jpg/cc0000/ffffff,23/12/1995,F,6-L
Gloria Gutierrez,2012-83423,http://dummyimage.com/100x100.jpg/5fa2dd/ffffff,14/05/1993,F,6-L
Beverly Howell,2015-25649,http://dummyimage.com/100x100.jpg/cc0000/ffffff,18/03/1995,F,5-L
Henry Larson,2014-19375,http://dummyimage.com/100x100.jpg/dddddd/000000,26/05/1994,M,6-L
Diane Thomas,2015-91394,http://dummyimage.com/100x100.jpg/ff4444/ffffff,02/08/1995,F,3-L
Lori Stanley,2015-77402,http://dummyimage.com/100x100.jpg/dddddd/000000,17/08/1998,F,1-L
Steve Chavez,2014-41522,http://dummyimage.com/100x100.jpg/5fa2dd/ffffff,26/10/1997,M,6-L
Norma Stewart,2015-15442,http://dummyimage.com/100x100.jpg/dddddd/000000,28/06/1996,F,1-L
Janet Palmer,2015-66282,http://dummyimage.com/100x100.jpg/cc0000/ffffff,06/10/1994,F,5-L
Steven Robertson,2014-10541,http://dummyimage.com/100x100.jpg/cc0000/ffffff,22/06/1998,M,4-L
Tammy Hughes,2015-35063,http://dummyimage.com/100x100.jpg/cc0000/ffffff,05/08/1998,F,5-L
Wanda Ray,2011-69648,http://dummyimage.com/100x100.jpg/ff4444/ffffff,18/09/1996,F,5-L
Susan Crawford,2015-92390,http://dummyimage.com/100x100.jpg/ff4444/ffffff,03/07/1998,F,4-L
Judy Taylor,2015-40204,http://dummyimage.com/100x100.jpg/cc0000/ffffff,31/12/1994,F,6-L
Julia Thomas,2014-06179,http://dummyimage.com/100x100.jpg/cc0000/ffffff,08/07/1995,F,4-L
Brian Montgomery,2015-67475,http://dummyimage.com/100x100.jpg/cc0000/ffffff,24/09/1997,M,6-L
Evelyn Rogers,2015-00575,http://dummyimage.com/100x100.jpg/cc0000/ffffff,08/05/1996,F,6-L
Russell Howard,2013-98912,http://dummyimage.com/100x100.jpg/dddddd/000000,17/06/1994,M,2-L
Roy James,2013-73294,http://dummyimage.com/100x100.jpg/cc0000/ffffff,05/01/1995,M,5-L
Christopher Romero,2014-03215,http://dummyimage.com/100x100.jpg/cc0000/ffffff,08/10/1994,M,6-L
George Matthews,2015-34330,http://dummyimage.com/100x100.jpg/dddddd/000000,14/06/1994,M,4-L
Martin Gibson,2015-87128,http://dummyimage.com/100x100.jpg/dddddd/000000,30/01/1994,M,6-L
Tammy Welch,2015-71171,http://dummyimage.com/100x100.jpg/5fa2dd/ffffff,21/03/1997,F,6-L
Aaron Butler,2015-88205,http://dummyimage.com/100x100.jpg/5fa2dd/ffffff,06/02/1995,M,6-L
Nicholas Alexander,2015-09354,http://dummyimage.com/100x100.jpg/ff4444/ffffff,23/02/1997,M,5-L
Bobby Russell,2013-21834,http://dummyimage.com/100x100.jpg/5fa2dd/ffffff,04/05/1996,M,6-L
Janice Andrews,2015-11416,http://dummyimage.com/100x100.jpg/cc0000/ffffff,24/10/1998,F,5-L
Annie Bennett,2011-13921,http://dummyimage.com/100x100.jpg/5fa2dd/ffffff,17/11/1997,F,4-L
Robin Gutierrez,2015-50454,http://dummyimage.com/100x100.jpg/5fa2dd/ffffff,14/11/1994,F,6-L
Mildred Riley,2014-89601,http://dummyimage.com/100x100.jpg/dddddd/000000,23/01/1998,F,6-L
Shawn Stone,2014-22804,http://dummyimage.com/100x100.jpg/5fa2dd/ffffff,02/07/1995,M,6-L
Heather Jordan,2015-72389,http://dummyimage.com/100x100.jpg/dddddd/000000,20/10/1995,F,6-L
Dorothy Harvey,2015-65914,http://dummyimage.com/100x100.jpg/dddddd/000000,26/04/1999,F,6-L
Ann Schmidt,2015-02697,http://dummyimage.com/100x100.jpg/ff4444/ffffff,15/05/1994,F,1-L
Randy Scott,2015-73895,http://dummyimage.com/100x100.jpg/dddddd/000000,24/08/1993,M,5-L
Mark Lawrence,2015-51002,http://dummyimage.com/100x100.jpg/dddddd/000000,24/09/1993,M,6-L
Joan Olson,2015-98510,http://dummyimage.com/100x100.jpg/cc0000/ffffff,27/12/1996,F,6-L
Arthur Fernandez,2014-94155,http://dummyimage.com/100x100.jpg/cc0000/ffffff,01/11/1994,M,6-L
Russell Duncan,2010-72964,http://dummyimage.com/100x100.jpg/5fa2dd/ffffff,12/07/1995,M,6-L
Heather Sanchez,2014-65217,http://dummyimage.com/100x100.jpg/5fa2dd/ffffff,15/04/1995,F,6-L
Christopher Rogers,2015-76888,http://dummyimage.com/100x100.jpg/cc0000/ffffff,15/09/1995,M,2-L
Rachel Olson,2013-59487,http://dummyimage.com/100x100.jpg/5fa2dd/ffffff,02/04/1998,F,5-L
Sharon Little,2015-90541,http://dummyimage.com/100x100.jpg/ff4444/ffffff,13/10/1995,F,2-L
Billy Watkins,2012-70982,http://dummyimage.com/100x100.jpg/dddddd/000000,01/04/1995,M,6-L
Harry Payne,2013-45592,http://dummyimage.com/100x100.jpg/5fa2dd/ffffff,04/02/1998,M,6-L
Cheryl Collins,2015-09824,http://dummyimage.com/100x100.jpg/dddddd/000000,23/12/1996,F,6-L
Rose Brown,2015-21601,http://dummyimage.com/100x100.jpg/ff4444/ffffff,29/05/1995,F,6-L
Richard Thompson,2010-93458,http://dummyimage.com/100x100.jpg/dddddd/000000,12/07/1995,M,6-L
Deborah Gutierrez,2015-42338,http://dummyimage.com/100x100.jpg/cc0000/ffffff,18/11/1993,F,3-L
Beverly Morgan,2014-85660,http://dummyimage.com/100x100.jpg/dddddd/000000,18/08/1995,F,3-L
Shirley Mitchell,2013-04418,http://dummyimage.com/100x100.jpg/ff4444/ffffff,19/06/1997,F,4-L
Betty Howell,2015-80511,http://dummyimage.com/100x100.jpg/dddddd/000000,25/02/1997,F,6-L
Anna Wilson,2013-72902,http://dummyimage.com/100x100.jpg/cc0000/ffffff,15/01/1995,F,6-L
Aaron Bishop,2011-51533,http://dummyimage.com/100x100.jpg/dddddd/000000,24/09/1996,M,3-L
Mark Bailey,2010-93763,http://dummyimage.com/100x100.jpg/ff4444/ffffff,25/04/1994,M,6-L
Heather Robertson,2013-12613,http://dummyimage.com/100x100.jpg/ff4444/ffffff,06/02/1996,F,2-L
Dorothy Daniels,2013-31732,http://dummyimage.com/100x100.jpg/ff4444/ffffff,24/05/1995,F,5-L
Heather Phillips,2015-08819,http://dummyimage.com/100x100.jpg/dddddd/000000,08/12/1993,F,5-L
Laura Armstrong,2015-97872,http://dummyimage.com/100x100.jpg/dddddd/000000,11/07/1996,F,6-L
Walter Green,2015-43872,http://dummyimage.com/100x100.jpg/dddddd/000000,04/01/1995,M,4-L
Nicholas Knight,2015-15999,http://dummyimage.com/100x100.jpg/dddddd/000000,18/06/1993,M,3-L
Kenneth Woods,2015-46134,http://dummyimage.com/100x100.jpg/cc0000/ffffff,27/11/1997,M,6-L
Patricia Stanley,2012-79095,http://dummyimage.com/100x100.jpg/ff4444/ffffff,30/04/1995,F,5-L
Judy Long,2015-53637,http://dummyimage.com/100x100.jpg/ff4444/ffffff,31/12/1997,F,3-L
Randy Andrews,2015-89292,http://dummyimage.com/100x100.jpg/5fa2dd/ffffff,28/06/1998,M,6-L
Shirley Willis,2011-59696,http://dummyimage.com/100x100.jpg/cc0000/ffffff,20/01/1994,F,5-L
Andrea Hicks,2015-91554,http://dummyimage.com/100x100.jpg/5fa2dd/ffffff,08/02/1997,F,6-L
Lisa Simmons,2014-66055,http://dummyimage.com/100x100.jpg/5fa2dd/ffffff,16/03/1998,F,3-L
Joshua Johnson,2013-79995,http://dummyimage.com/100x100.jpg/5fa2dd/ffffff,31/08/1998,M,5-L
Eugene Ward,2015-34490,http://dummyimage.com/100x100.jpg/dddddd/000000,14/04/1994,M,1-L
Joyce Torres,2015-44823,http://dummyimage.com/100x100.jpg/5fa2dd/ffffff,02/08/1994,F,2-L
Andrea Hawkins,2013-48328,http://dummyimage.com/100x100.jpg/dddddd/000000,19/04/1996,F,2-L
Frances Taylor,2010-12383,http://dummyimage.com/100x100.jpg/cc0000/ffffff,15/07/1994,F,5-L
Ann Elliott,2015-00382,http://dummyimage.com/100x100.jpg/5fa2dd/ffffff,02/05/1997,F,5-L
Rose Freeman,2014-66365,http://dummyimage.com/100x100.jpg/dddddd/000000,07/05/1997,F,4-L
Jonathan Castillo,2015-70503,http://dummyimage.com/100x100.jpg/ff4444/ffffff,11/03/1997,M,5-L
Lois Allen,2015-31738,http://dummyimage.com/100x100.jpg/cc0000/ffffff,23/06/1998,F,4-L
Earl Reynolds,2014-73229,http://dummyimage.com/100x100.jpg/dddddd/000000,30/08/1998,M,6-L
Brian Perkins,2012-88495,http://dummyimage.com/100x100.jpg/dddddd/000000,01/05/1994,M,6-L
Doris Phillips,2011-33622,http://dummyimage.com/100x100.jpg/dddddd/000000,27/09/1997,F,1-L
Lillian Barnes,2013-85361,http://dummyimage.com/100x100.jpg/cc0000/ffffff,27/07/1993,F,4-L
Robert Bradley,2013-37709,http://dummyimage.com/100x100.jpg/ff4444/ffffff,18/08/1993,M,6-L
Jennifer Mills,2011-95659,http://dummyimage.com/100x100.jpg/ff4444/ffffff,10/08/1993,F,6-L
Anna Dixon,2013-24794,http://dummyimage.com/100x100.jpg/5fa2dd/ffffff,07/04/1999,F,6-L
Debra Perkins,2015-45095,http://dummyimage.com/100x100.jpg/cc0000/ffffff,28/10/1993,F,5-L
Paul Williamson,2013-61114,http://dummyimage.com/100x100.jpg/cc0000/ffffff,17/12/1998,M,6-L
Kevin Elliott,2014-59129,http://dummyimage.com/100x100.jpg/dddddd/000000,28/09/1995,M,6-L
Andrew Crawford,2015-07893,http://dummyimage.com/100x100.jpg/dddddd/000000,05/01/1994,M,4-L
Andrew Simpson,2015-58170,http://dummyimage.com/100x100.jpg/ff4444/ffffff,24/03/1996,M,5-L
Joyce Snyder,2015-48856,http://dummyimage.com/100x100.jpg/dddddd/000000,01/07/1994,F,6-L
Russell Hunter,2015-20789,http://dummyimage.com/100x100.jpg/cc0000/ffffff,04/09/1998,M,5-L
Marilyn Cox,2014-36833,http://dummyimage.com/100x100.jpg/5fa2dd/ffffff,10/06/1998,F,5-L
Judith Williams,2012-04185,http://dummyimage.com/100x100.jpg/5fa2dd/ffffff,26/02/1994,F,6-L
Linda Barnes,2012-11005,http://dummyimage.com/100x100.jpg/dddddd/000000,12/06/1993,F,5-L
Thomas Ramirez,2015-85874,http://dummyimage.com/100x100.jpg/ff4444/ffffff,12/10/1998,M,5-L
George Long,2011-99632,http://dummyimage.com/100x100.jpg/5fa2dd/ffffff,31/05/1995,M,6-L
William Hayes,2012-78118,http://dummyimage.com/100x100.jpg/cc0000/ffffff,19/11/1995,M,4-L
Eugene Riley,2014-27431,http://dummyimage.com/100x100.jpg/dddddd/000000,04/06/1998,M,5-L
Laura Grant,2015-08600,http://dummyimage.com/100x100.jpg/5fa2dd/ffffff,24/07/1997,F,6-L
Jacqueline Hunter,2014-88738,http://dummyimage.com/100x100.jpg/ff4444/ffffff,20/03/1999,F,5-L
Wanda Ray,2015-72620,http://dummyimage.com/100x100.jpg/5fa2dd/ffffff,24/07/1994,F,5-L
Willie Hunter,2014-12708,http://dummyimage.com/100x100.jpg/5fa2dd/ffffff,25/12/1993,M,5-L
Edward Thomas,2015-44850,http://dummyimage.com/100x100.jpg/5fa2dd/ffffff,02/04/1995,M,6-L
Tammy Ford,2014-90286,http://dummyimage.com/100x100.jpg/dddddd/000000,25/10/1995,F,5-L
Joyce Shaw,2012-97185,http://dummyimage.com/100x100.jpg/cc0000/ffffff,07/03/1994,F,3-L
Keith Castillo,2015-09960,http://dummyimage.com/100x100.jpg/cc0000/ffffff,06/11/1997,M,4-L
Gloria Griffin,2014-35542,http://dummyimage.com/100x100.jpg/5fa2dd/ffffff,08/04/1999,F,6-L
Brian Cox,2014-59790,http://dummyimage.com/100x100.jpg/cc0000/ffffff,24/09/1997,M,6-L
Amy Wheeler,2015-74702,http://dummyimage.com/100x100.jpg/dddddd/000000,09/07/1996,F,4-L
Joe Graham,2014-02458,http://dummyimage.com/100x100.jpg/5fa2dd/ffffff,08/04/1996,M,6-L
Clarence West,2015-15422,http://dummyimage.com/100x100.jpg/dddddd/000000,30/05/1995,M,5-L
Jacqueline Jones,2010-44626,http://dummyimage.com/100x100.jpg/dddddd/000000,31/08/1994,F,6-L
Roger Edwards,2014-03869,http://dummyimage.com/100x100.jpg/dddddd/000000,01/01/1994,M,5-L
Jeremy Warren,2013-13259,http://dummyimage.com/100x100.jpg/cc0000/ffffff,25/05/1996,M,5-L
Bobby Vasquez,2015-04620,http://dummyimage.com/100x100.jpg/5fa2dd/ffffff,26/11/1997,M,4-L
Alice Green,2015-98124,http://dummyimage.com/100x100.jpg/5fa2dd/ffffff,16/03/1994,F,6-L
Bruce Watkins,2015-59350,http://dummyimage.com/100x100.jpg/dddddd/000000,21/04/1995,M,6-L
Judy Hansen,2015-77538,http://dummyimage.com/100x100.jpg/ff4444/ffffff,09/08/1994,F,6-L
Raymond Gordon,2015-70363,http://dummyimage.com/100x100.jpg/dddddd/000000,08/08/1997,M,4-L
Roger Alexander,2011-59503,http://dummyimage.com/100x100.jpg/ff4444/ffffff,16/04/1997,M,6-L
Janice Ferguson,2013-00264,http://dummyimage.com/100x100.jpg/dddddd/000000,10/04/1996,F,2-L
Ralph Simpson,2014-68426,http://dummyimage.com/100x100.jpg/dddddd/000000,04/09/1995,M,6-L
Earl Carr,2015-52448,http://dummyimage.com/100x100.jpg/5fa2dd/ffffff,08/08/1993,M,5-L
Edward Hunt,2015-78719,http://dummyimage.com/100x100.jpg/ff4444/ffffff,26/02/1997,M,6-L
Anne Rogers,2015-92689,http://dummyimage.com/100x100.jpg/cc0000/ffffff,25/06/1993,F,6-L
Lisa Riley,2013-10045,http://dummyimage.com/100x100.jpg/5fa2dd/ffffff,15/04/1999,F,2-L
Brian Robinson,2012-38742,http://dummyimage.com/100x100.jpg/dddddd/000000,29/10/1993,M,6-L
Larry Shaw,2015-89800,http://dummyimage.com/100x100.jpg/dddddd/000000,23/08/1994,M,6-L
Wayne Griffin,2014-10735,http://dummyimage.com/100x100.jpg/5fa2dd/ffffff,02/07/1995,M,3-L
Norma Fernandez,2013-72606,http://dummyimage.com/100x100.jpg/5fa2dd/ffffff,06/11/1996,F,6-L
Martha Harris,2014-35510,http://dummyimage.com/100x100.jpg/5fa2dd/ffffff,04/04/1999,F,6-L
Shirley Thompson,2015-47946,http://dummyimage.com/100x100.jpg/5fa2dd/ffffff,11/08/1997,F,6-L
David Greene,2011-36789,http://dummyimage.com/100x100.jpg/dddddd/000000,05/07/1993,M,6-L
Edward Larson,2015-02794,http://dummyimage.com/100x100.jpg/cc0000/ffffff,03/01/1998,M,6-L
Richard Fisher,2012-16326,http://dummyimage.com/100x100.jpg/ff4444/ffffff,26/09/1997,M,6-L
Patricia Schmidt,2015-26103,http://dummyimage.com/100x100.jpg/5fa2dd/ffffff,07/10/1994,F,6-L
Robert Franklin,2014-65217,http://dummyimage.com/100x100.jpg/ff4444/ffffff,07/01/1995,M,5-L
Frank Bryant,2014-72547,http://dummyimage.com/100x100.jpg/5fa2dd/ffffff,27/10/1996,M,6-L
Shawn Chavez,2014-74449,http://dummyimage.com/100x100.jpg/dddddd/000000,08/10/1996,M,6-L
Stephen Nichols,2014-06388,http://dummyimage.com/100x100.jpg/ff4444/ffffff,09/10/1993,M,5-L
Henry Murphy,2015-30702,http://dummyimage.com/100x100.jpg/5fa2dd/ffffff,14/11/1994,M,5-L
Jean Tucker,2013-77798,http://dummyimage.com/100x100.jpg/ff4444/ffffff,28/09/1994,F,6-L
Katherine Jones,2015-56034,http://dummyimage.com/100x100.jpg/cc0000/ffffff,31/08/1998,F,2-L
Raymond Ross,2015-99877,http://dummyimage.com/100x100.jpg/cc0000/ffffff,22/10/1996,M,5-L
Eugene Foster,2015-39268,http://dummyimage.com/100x100.jpg/ff4444/ffffff,11/10/1995,M,6-L
Virginia Perez,2015-11475,http://dummyimage.com/100x100.jpg/dddddd/000000,21/12/1995,F,5-L
Karen Wood,2015-25706,http://dummyimage.com/100x100.jpg/cc0000/ffffff,22/12/1994,F,5-L
Rachel Lane,2014-30665,http://dummyimage.com/100x100.jpg/dddddd/000000,21/12/1995,F,6-L
Jeremy White,2015-27086,http://dummyimage.com/100x100.jpg/ff4444/ffffff,30/09/1998,M,5-L
Virginia Davis,2012-30693,http://dummyimage.com/100x100.jpg/dddddd/000000,28/06/1995,F,6-L
Larry Campbell,2015-89824,http://dummyimage.com/100x100.jpg/5fa2dd/ffffff,19/02/1997,M,1-L
Charles Miller,2015-79809,http://dummyimage.com/100x100.jpg/5fa2dd/ffffff,22/07/1996,M,5-L
Adam West,2015-67378,http://dummyimage.com/100x100.jpg/cc0000/ffffff,24/01/1999,M,6-L
Jessica Oliver,2014-50663,http://dummyimage.com/100x100.jpg/5fa2dd/ffffff,14/01/1999,F,6-L
Brenda Price,2013-13304,http://dummyimage.com/100x100.jpg/cc0000/ffffff,16/08/1997,F,6-L
Tina Mason,2015-37463,http://dummyimage.com/100x100.jpg/5fa2dd/ffffff,24/11/1996,F,6-L
Jason Allen,2015-97657,http://dummyimage.com/100x100.jpg/dddddd/000000,09/04/1997,M,4-L
Norma Fuller,2014-82160,http://dummyimage.com/100x100.jpg/ff4444/ffffff,23/04/1998,F,6-L
Martin Harris,2015-96922,http://dummyimage.com/100x100.jpg/cc0000/ffffff,15/10/1995,M,6-L
Sarah Hunt,2015-86528,http://dummyimage.com/100x100.jpg/5fa2dd/ffffff,23/03/1999,F,6-L
Keith Wright,2015-73198,http://dummyimage.com/100x100.jpg/dddddd/000000,24/11/1993,M,6-L
Benjamin Perry,2015-52032,http://dummyimage.com/100x100.jpg/ff4444/ffffff,24/09/1996,M,6-L
Frank Williams,2015-52362,http://dummyimage.com/100x100.jpg/dddddd/000000,25/12/1998,M,3-L
Betty Carpenter,2014-59738,http://dummyimage.com/100x100.jpg/cc0000/ffffff,13/06/1994,F,2-L
Philip Rodriguez,2012-34185,http://dummyimage.com/100x100.jpg/5fa2dd/ffffff,11/07/1994,M,6-L
Janice Wood,2015-42814,http://dummyimage.com/100x100.jpg/5fa2dd/ffffff,03/06/1997,F,5-L
Dennis Washington,2014-87279,http://dummyimage.com/100x100.jpg/ff4444/ffffff,11/07/1997,M,6-L
Deborah Bowman,2015-52326,http://dummyimage.com/100x100.jpg/dddddd/000000,24/03/1998,F,6-L
Carolyn Knight,2011-35854,http://dummyimage.com/100x100.jpg/dddddd/000000,16/06/1993,F,6-L
Tammy Bishop,2014-86105,http://dummyimage.com/100x100.jpg/dddddd/000000,08/05/1996,F,6-L
Tina Peters,2011-52679,http://dummyimage.com/100x100.jpg/5fa2dd/ffffff,17/05/1993,F,6-L
Stephanie Reid,2015-68814,http://dummyimage.com/100x100.jpg/5fa2dd/ffffff,14/08/1998,F,5-L
Carolyn Cook,2015-17200,http://dummyimage.com/100x100.jpg/cc0000/ffffff,15/04/1994,F,5-L
Ann Wood,2015-40334,http://dummyimage.com/100x100.jpg/dddddd/000000,16/10/1996,F,5-L
Thomas Rice,2012-22357,http://dummyimage.com/100x100.jpg/dddddd/000000,14/06/1993,M,5-L
Christopher Brown,2012-64949,http://dummyimage.com/100x100.jpg/ff4444/ffffff,18/08/1997,M,6-L
Keith Simpson,2014-71243,http://dummyimage.com/100x100.jpg/cc0000/ffffff,16/05/1995,M,6-L
Martha Palmer,2015-39535,http://dummyimage.com/100x100.jpg/ff4444/ffffff,17/11/1994,F,5-L
Jose Lawrence,2014-83001,http://dummyimage.com/100x100.jpg/5fa2dd/ffffff,13/06/1997,M,6-L
Lori Adams,2015-09688,http://dummyimage.com/100x100.jpg/dddddd/000000,25/05/1995,F,5-L
Shawn Stewart,2015-33688,http://dummyimage.com/100x100.jpg/cc0000/ffffff,29/10/1997,M,2-L
Carolyn Gilbert,2013-43710,http://dummyimage.com/100x100.jpg/dddddd/000000,04/08/1997,F,5-L
Beverly Garcia,2015-81289,http://dummyimage.com/100x100.jpg/cc0000/ffffff,09/03/1997,F,6-L
Johnny Stewart,2015-46046,http://dummyimage.com/100x100.jpg/5fa2dd/ffffff,09/11/1997,M,1-L
Albert Evans,2013-80712,http://dummyimage.com/100x100.jpg/dddddd/000000,10/11/1997,M,5-L
Kenneth Carroll,2015-71403,http://dummyimage.com/100x100.jpg/cc0000/ffffff,20/03/1998,M,6-L
Raymond Greene,2013-45046,http://dummyimage.com/100x100.jpg/dddddd/000000,22/07/1993,M,6-L
Roy Nichols,2015-92396,http://dummyimage.com/100x100.jpg/5fa2dd/ffffff,08/07/1994,M,6-L
Todd Sullivan,2014-04492,http://dummyimage.com/100x100.jpg/dddddd/000000,17/04/1997,M,5-L
Ernest Mccoy,2015-68465,http://dummyimage.com/100x100.jpg/5fa2dd/ffffff,08/10/1998,M,1-L
Marie Price,2015-82844,http://dummyimage.com/100x100.jpg/ff4444/ffffff,30/07/1994,F,6-L
Louise Cruz,2015-40683,http://dummyimage.com/100x100.jpg/dddddd/000000,11/10/1997,F,6-L
Lois Harris,2015-86070,http://dummyimage.com/100x100.jpg/5fa2dd/ffffff,17/03/1994,F,5-L
Jason Young,2014-26676,http://dummyimage.com/100x100.jpg/ff4444/ffffff,26/03/1998,M,3-L
Cheryl Stewart,2011-77339,http://dummyimage.com/100x100.jpg/5fa2dd/ffffff,17/12/1995,F,6-L
Karen Perkins,2015-23642,http://dummyimage.com/100x100.jpg/5fa2dd/ffffff,02/10/1997,F,6-L
Carlos Bennett,2015-21898,http://dummyimage.com/100x100.jpg/cc0000/ffffff,31/10/1997,M,6-L
Jacqueline Hamilton,2015-18716,http://dummyimage.com/100x100.jpg/cc0000/ffffff,28/06/1997,F,6-L
Dorothy Reed,2013-40960,http://dummyimage.com/100x100.jpg/ff4444/ffffff,28/07/1997,F,5-L
Linda Day,2015-47244,http://dummyimage.com/100x100.jpg/ff4444/ffffff,28/09/1995,F,5-L
Ronald Banks,2015-97751,http://dummyimage.com/100x100.jpg/cc0000/ffffff,30/04/1995,M,4-L
Michelle Alvarez,2015-00989,http://dummyimage.com/100x100.jpg/5fa2dd/ffffff,18/07/1996,F,4-L
Nicholas Perez,2015-73057,http://dummyimage.com/100x100.jpg/dddddd/000000,03/04/1998,M,6-L
Roger Nichols,2015-43882,http://dummyimage.com/100x100.jpg/cc0000/ffffff,24/06/1995,M,6-L
Jessica Campbell,2011-94098,http://dummyimage.com/100x100.jpg/cc0000/ffffff,11/07/1996,F,6-L
Brenda Warren,2015-70032,http://dummyimage.com/100x100.jpg/5fa2dd/ffffff,21/10/1995,F,6-L
Wayne Little,2011-29056,http://dummyimage.com/100x100.jpg/cc0000/ffffff,17/12/1994,M,6-L
Jean Reyes,2015-72033,http://dummyimage.com/100x100.jpg/dddddd/000000,25/10/1997,F,6-L
Kenneth Gardner,2015-05188,http://dummyimage.com/100x100.jpg/5fa2dd/ffffff,23/09/1997,M,1-L
Jose Wood,2011-53707,http://dummyimage.com/100x100.jpg/5fa2dd/ffffff,05/12/1994,M,6-L
Shawn Hart,2014-49368,http://dummyimage.com/100x100.jpg/ff4444/ffffff,06/12/1996,M,5-L
Douglas Greene,2014-50546,http://dummyimage.com/100x100.jpg/5fa2dd/ffffff,30/08/1998,M,5-L
Ralph Spencer,2015-78411,http://dummyimage.com/100x100.jpg/5fa2dd/ffffff,24/10/1997,M,6-L
Elizabeth Gonzales,2014-98086,http://dummyimage.com/100x100.jpg/5fa2dd/ffffff,31/01/1995,F,4-L
Dennis Howell,2015-82530,http://dummyimage.com/100x100.jpg/ff4444/ffffff,10/03/1996,M,2-L
Christine Bishop,2013-58705,http://dummyimage.com/100x100.jpg/ff4444/ffffff,21/12/1997,F,6-L
Elizabeth Watson,2013-63925,http://dummyimage.com/100x100.jpg/ff4444/ffffff,10/10/1996,F,5-L
Sean Wood,2014-64778,http://dummyimage.com/100x100.jpg/5fa2dd/ffffff,04/07/1993,M,6-L
Marie Webb,2015-30211,http://dummyimage.com/100x100.jpg/dddddd/000000,22/07/1993,F,3-L
Louise Wallace,2015-27733,http://dummyimage.com/100x100.jpg/5fa2dd/ffffff,15/05/1995,F,6-L
Nancy Wood,2015-81323,http://dummyimage.com/100x100.jpg/cc0000/ffffff,24/07/1996,F,5-L
Ryan Ramos,2012-49581,http://dummyimage.com/100x100.jpg/dddddd/000000,28/10/1998,M,5-L
Ryan Bowman,2015-27069,http://dummyimage.com/100x100.jpg/5fa2dd/ffffff,12/05/1997,M,6-L
Cheryl Warren,2015-83748,http://dummyimage.com/100x100.jpg/dddddd/000000,02/03/1998,F,2-L
Jose Cook,2015-20931,http://dummyimage.com/100x100.jpg/ff4444/ffffff,12/05/1996,M,3-L
Wayne Sims,2013-87190,http://dummyimage.com/100x100.jpg/5fa2dd/ffffff,03/05/1995,M,3-L
Jack Gibson,2012-77636,http://dummyimage.com/100x100.jpg/ff4444/ffffff,07/11/1998,M,6-L
Janice Morris,2015-42364,http://dummyimage.com/100x100.jpg/5fa2dd/ffffff,19/03/1999,F,5-L
Howard Arnold,2014-76526,http://dummyimage.com/100x100.jpg/ff4444/ffffff,15/12/1995,M,2-L
Helen Wells,2013-80726,http://dummyimage.com/100x100.jpg/dddddd/000000,22/07/1996,F,6-L
Wanda Marshall,2015-40298,http://dummyimage.com/100x100.jpg/5fa2dd/ffffff,25/12/1993,F,5-L
Pamela Cruz,2014-61983,http://dummyimage.com/100x100.jpg/ff4444/ffffff,02/11/1996,F,6-L
Joe Shaw,2012-12520,http://dummyimage.com/100x100.jpg/5fa2dd/ffffff,25/01/1994,M,5-L
Tina Williams,2013-50644,http://dummyimage.com/100x100.jpg/ff4444/ffffff,25/11/1994,F,1-L
Harry Lee,2015-39938,http://dummyimage.com/100x100.jpg/5fa2dd/ffffff,13/08/1994,M,5-L
Clarence Alexander,2015-37372,http://dummyimage.com/100x100.jpg/cc0000/ffffff,01/12/1997,M,5-L
Robert Robinson,2013-37686,http://dummyimage.com/100x100.jpg/5fa2dd/ffffff,06/07/1995,M,5-L
Jeffrey Moreno,2011-84167,http://dummyimage.com/100x100.jpg/ff4444/ffffff,13/01/1999,M,6-L
Gloria Fuller,2012-89062,http://dummyimage.com/100x100.jpg/5fa2dd/ffffff,15/05/1993,F,5-L
Phillip White,2015-12494,http://dummyimage.com/100x100.jpg/5fa2dd/ffffff,11/07/1998,M,5-L
Louise Davis,2014-93262,http://dummyimage.com/100x100.jpg/ff4444/ffffff,28/11/1993,F,5-L
Nicole Clark,2010-64321,http://dummyimage.com/100x100.jpg/cc0000/ffffff,22/05/1993,F,4-L
Amanda Grant,2014-42598,http://dummyimage.com/100x100.jpg/ff4444/ffffff,07/09/1998,F,3-L
Howard Rose,2013-57077,http://dummyimage.com/100x100.jpg/dddddd/000000,27/04/1998,M,6-L
Aaron Payne,2015-19689,http://dummyimage.com/100x100.jpg/5fa2dd/ffffff,26/02/1995,M,6-L
Katherine Hanson,2012-17404,http://dummyimage.com/100x100.jpg/dddddd/000000,17/06/1993,F,5-L
Carolyn Reynolds,2015-38034,http://dummyimage.com/100x100.jpg/dddddd/000000,12/02/1997,F,6-L
Ronald Morris,2014-99082,http://dummyimage.com/100x100.jpg/cc0000/ffffff,26/11/1994,M,3-L
Charles Foster,2015-89684,http://dummyimage.com/100x100.jpg/5fa2dd/ffffff,28/12/1993,M,5-L
Ann Wells,2015-18119,http://dummyimage.com/100x100.jpg/cc0000/ffffff,17/08/1994,F,4-L
Ralph Burns,2014-57485,http://dummyimage.com/100x100.jpg/cc0000/ffffff,26/08/1996,M,6-L
Richard Montgomery,2015-63594,http://dummyimage.com/100x100.jpg/ff4444/ffffff,10/06/1996,M,6-L
Julie Burke,2015-09875,http://dummyimage.com/100x100.jpg/dddddd/000000,05/10/1994,F,1-L
Wayne Jordan,2014-84339,http://dummyimage.com/100x100.jpg/ff4444/ffffff,17/12/1995,M,3-L
Thomas Matthews,2014-97599,http://dummyimage.com/100x100.jpg/5fa2dd/ffffff,17/08/1996,M,3-L
Ruby Little,2014-70730,http://dummyimage.com/100x100.jpg/dddddd/000000,15/02/1997,F,5-L
Justin Peters,2013-07699,http://dummyimage.com/100x100.jpg/cc0000/ffffff,12/07/1997,M,6-L
Nancy Peterson,2014-05438,http://dummyimage.com/100x100.jpg/5fa2dd/ffffff,06/11/1995,F,3-L
Angela Garcia,2010-09203,http://dummyimage.com/100x100.jpg/ff4444/ffffff,07/06/1994,F,6-L
Arthur Peters,2013-79554,http://dummyimage.com/100x100.jpg/ff4444/ffffff,24/12/1998,M,5-L
Jennifer Gutierrez,2015-98441,http://dummyimage.com/100x100.jpg/cc0000/ffffff,02/03/1999,F,5-L
Roy Sanders,2014-27049,http://dummyimage.com/100x100.jpg/cc0000/ffffff,27/09/1996,M,6-L
Dennis Richardson,2012-62710,http://dummyimage.com/100x100.jpg/cc0000/ffffff,23/01/1998,M,5-L
Victor Cruz,2015-04298,http://dummyimage.com/100x100.jpg/5fa2dd/ffffff,18/07/1994,M,5-L
Diane Cooper,2014-27741,http://dummyimage.com/100x100.jpg/dddddd/000000,03/03/1995,F,6-L
Gary Sullivan,2015-64455,http://dummyimage.com/100x100.jpg/dddddd/000000,13/10/1998,M,5-L
Elizabeth Olson,2014-35942,http://dummyimage.com/100x100.jpg/cc0000/ffffff,20/10/1995,F,5-L
Frances Fuller,2011-46346,http://dummyimage.com/100x100.jpg/5fa2dd/ffffff,11/04/1996,F,6-L
Evelyn Perkins,2015-61596,http://dummyimage.com/100x100.jpg/ff4444/ffffff,15/02/1998,F,6-L
Jacqueline Mitchell,2015-54687,http://dummyimage.com/100x100.jpg/5fa2dd/ffffff,17/08/1997,F,5-L
Margaret Bowman,2015-15436,http://dummyimage.com/100x100.jpg/cc0000/ffffff,21/01/1995,F,6-L
Nicholas Bishop,2015-40782,http://dummyimage.com/100x100.jpg/ff4444/ffffff,13/08/1995,M,5-L
Nicholas Cox,2014-05811,http://dummyimage.com/100x100.jpg/cc0000/ffffff,20/04/1995,M,5-L
Margaret Grant,2014-08934,http://dummyimage.com/100x100.jpg/5fa2dd/ffffff,01/03/1997,F,6-L
Irene Ramos,2015-92222,http://dummyimage.com/100x100.jpg/dddddd/000000,26/10/1998,F,5-L
Alice Ross,2015-49870,http://dummyimage.com/100x100.jpg/5fa2dd/ffffff,04/03/1997,F,2-L
Marilyn Boyd,2014-27131,http://dummyimage.com/100x100.jpg/cc0000/ffffff,17/03/1998,F,6-L
Clarence Morales,2015-83300,http://dummyimage.com/100x100.jpg/dddddd/000000,10/04/1994,M,6-L
Shirley Palmer,2015-01464,http://dummyimage.com/100x100.jpg/dddddd/000000,29/12/1993,F,6-L
Albert Jacobs,2015-74512,http://dummyimage.com/100x100.jpg/5fa2dd/ffffff,29/03/1997,M,4-L
Robert Welch,2011-92288,http://dummyimage.com/100x100.jpg/cc0000/ffffff,07/05/1998,M,4-L
Robert Smith,2015-60068,http://dummyimage.com/100x100.jpg/cc0000/ffffff,05/08/1996,M,6-L
Jeremy Jones,2015-19094,http://dummyimage.com/100x100.jpg/5fa2dd/ffffff,06/10/1993,M,4-L
Juan Marshall,2012-56911,http://dummyimage.com/100x100.jpg/cc0000/ffffff,03/07/1994,M,6-L
Annie Boyd,2014-54071,http://dummyimage.com/100x100.jpg/cc0000/ffffff,27/10/1996,F,1-L
Jeffrey Webb,2011-75952,http://dummyimage.com/100x100.jpg/5fa2dd/ffffff,03/06/1993,M,3-L
Eugene Castillo,2015-77761,http://dummyimage.com/100x100.jpg/cc0000/ffffff,12/09/1995,M,6-L
Maria Harrison,2013-87643,http://dummyimage.com/100x100.jpg/cc0000/ffffff,05/11/1996,F,5-L
Jerry Diaz,2010-42195,http://dummyimage.com/100x100.jpg/5fa2dd/ffffff,04/03/1998,M,6-L
Lillian Spencer,2015-02809,http://dummyimage.com/100x100.jpg/ff4444/ffffff,27/06/1996,F,5-L
Jose Fox,2014-81755,http://dummyimage.com/100x100.jpg/5fa2dd/ffffff,20/01/1994,M,6-L
Mary Fisher,2014-27650,http://dummyimage.com/100x100.jpg/dddddd/000000,28/07/1997,F,6-L
Ruby Harrison,2015-86354,http://dummyimage.com/100x100.jpg/cc0000/ffffff,23/02/1999,F,5-L
Sarah Hayes,2015-70014,http://dummyimage.com/100x100.jpg/cc0000/ffffff,18/03/1995,F,6-L
Donald Hawkins,2015-87642,http://dummyimage.com/100x100.jpg/dddddd/000000,02/07/1996,M,4-L
Carl Palmer,2015-47925,http://dummyimage.com/100x100.jpg/ff4444/ffffff,19/04/1995,M,6-L
Richard Nichols,2015-72432,http://dummyimage.com/100x100.jpg/5fa2dd/ffffff,16/03/1998,M,4-L
Kevin Riley,2015-12301,http://dummyimage.com/100x100.jpg/ff4444/ffffff,20/03/1995,M,4-L
William Hill,2015-35627,http://dummyimage.com/100x100.jpg/cc0000/ffffff,02/07/1997,M,6-L
Jennifer Mason,2014-42270,http://dummyimage.com/100x100.jpg/5fa2dd/ffffff,17/06/1997,F,5-L
Henry Ramos,2015-96345,http://dummyimage.com/100x100.jpg/cc0000/ffffff,12/06/1994,M,6-L
Anthony Clark,2015-03357,http://dummyimage.com/100x100.jpg/ff4444/ffffff,30/01/1998,M,4-L
Walter Gonzalez,2015-50233,http://dummyimage.com/100x100.jpg/cc0000/ffffff,12/01/1996,M,4-L
Diane Hicks,2014-52932,http://dummyimage.com/100x100.jpg/ff4444/ffffff,10/12/1993,F,2-L
Wayne Robertson,2015-16410,http://dummyimage.com/100x100.jpg/cc0000/ffffff,21/06/1998,M,6-L
Roy Torres,2015-35350,http://dummyimage.com/100x100.jpg/ff4444/ffffff,09/05/1994,M,3-L
Anthony Garcia,2014-95218,http://dummyimage.com/100x100.jpg/dddddd/000000,13/08/1994,M,6-L
Emily Spencer,2014-52633,http://dummyimage.com/100x100.jpg/ff4444/ffffff,27/11/1993,F,5-L
Julia Morris,2015-35214,http://dummyimage.com/100x100.jpg/ff4444/ffffff,11/04/1997,F,4-L
Jeremy Shaw,2013-46785,http://dummyimage.com/100x100.jpg/cc0000/ffffff,13/11/1995,M,1-L
Charles Brooks,2014-53614,http://dummyimage.com/100x100.jpg/5fa2dd/ffffff,10/08/1994,M,6-L
Albert Webb,2014-69122,http://dummyimage.com/100x100.jpg/dddddd/000000,25/08/1994,M,6-L
George Williams,2015-69474,http://dummyimage.com/100x100.jpg/ff4444/ffffff,10/11/1996,M,6-L
Sharon Castillo,2014-08994,http://dummyimage.com/100x100.jpg/5fa2dd/ffffff,13/05/1993,F,5-L
Clarence Garcia,2015-58795,http://dummyimage.com/100x100.jpg/ff4444/ffffff,25/05/1997,M,6-L
Carl Austin,2012-63978,http://dummyimage.com/100x100.jpg/5fa2dd/ffffff,01/10/1997,M,6-L
Evelyn Ruiz,2015-06260,http://dummyimage.com/100x100.jpg/5fa2dd/ffffff,25/11/1993,F,6-L
Annie Lawson,2010-94557,http://dummyimage.com/100x100.jpg/cc0000/ffffff,12/04/1996,F,3-L
Theresa Hayes,2015-87900,http://dummyimage.com/100x100.jpg/ff4444/ffffff,24/08/1993,F,6-L
Gerald Butler,2015-85360,http://dummyimage.com/100x100.jpg/ff4444/ffffff,18/11/1995,M,1-L
Brandon Nelson,2014-29462,http://dummyimage.com/100x100.jpg/ff4444/ffffff,04/10/1993,M,6-L
Jason Washington,2015-36403,http://dummyimage.com/100x100.jpg/5fa2dd/ffffff,28/12/1994,M,6-L
Harold George,2014-90511,http://dummyimage.com/100x100.jpg/5fa2dd/ffffff,02/05/1994,M,4-L
Willie Scott,2015-17603,http://dummyimage.com/100x100.jpg/cc0000/ffffff,10/10/1995,M,6-L
Todd Austin,2014-13838,http://dummyimage.com/100x100.jpg/cc0000/ffffff,23/06/1996,M,6-L
Anna Ross,2015-88411,http://dummyimage.com/100x100.jpg/cc0000/ffffff,21/02/1999,F,6-L
Kelly Fuller,2015-75522,http://dummyimage.com/100x100.jpg/cc0000/ffffff,12/08/1994,F,2-L
John Robinson,2014-41645,http://dummyimage.com/100x100.jpg/5fa2dd/ffffff,01/01/1999,M,6-L
Gerald Scott,2015-19526,http://dummyimage.com/100x100.jpg/dddddd/000000,09/03/1995,M,6-L
Elizabeth Lopez,2011-18111,http://dummyimage.com/100x100.jpg/dddddd/000000,01/05/1995,F,5-L
Carolyn Hanson,2015-47082,http://dummyimage.com/100x100.jpg/ff4444/ffffff,21/10/1995,F,5-L
Rose Gutierrez,2015-26061,http://dummyimage.com/100x100.jpg/dddddd/000000,08/01/1996,F,6-L
Willie Richards,2013-54973,http://dummyimage.com/100x100.jpg/5fa2dd/ffffff,04/09/1995,M,6-L
Eric Freeman,2015-49285,http://dummyimage.com/100x100.jpg/cc0000/ffffff,06/03/1997,M,6-L
Joan Bailey,2014-46438,http://dummyimage.com/100x100.jpg/dddddd/000000,17/08/1997,F,6-L
Debra Dean,2013-47575,http://dummyimage.com/100x100.jpg/dddddd/000000,05/04/1999,F,6-L
Shirley Nichols,2014-33376,http://dummyimage.com/100x100.jpg/dddddd/000000,11/02/1995,F,4-L
Timothy Jordan,2013-78077,http://dummyimage.com/100x100.jpg/dddddd/000000,08/10/1996,M,5-L
Susan Warren,2015-49618,http://dummyimage.com/100x100.jpg/cc0000/ffffff,29/03/1999,F,5-L
Doris Mills,2014-32030,http://dummyimage.com/100x100.jpg/ff4444/ffffff,18/09/1998,F,6-L
Gerald Hicks,2014-80584,http://dummyimage.com/100x100.jpg/cc0000/ffffff,11/02/1999,M,3-L
Scott Phillips,2015-01980,http://dummyimage.com/100x100.jpg/cc0000/ffffff,06/11/1993,M,6-L
Ruby Thompson,2015-97146,http://dummyimage.com/100x100.jpg/ff4444/ffffff,09/08/1996,F,5-L
Beverly Ryan,2014-02120,http://dummyimage.com/100x100.jpg/dddddd/000000,27/10/1996,F,5-L
Andrew Mcdonald,2015-42761,http://dummyimage.com/100x100.jpg/ff4444/ffffff,03/05/1998,M,3-L
Nicholas Stone,2013-10312,http://dummyimage.com/100x100.jpg/5fa2dd/ffffff,13/02/1996,M,6-L
Robert Bailey,2015-42706,http://dummyimage.com/100x100.jpg/cc0000/ffffff,05/12/1993,M,6-L
Mark Fisher,2010-81391,http://dummyimage.com/100x100.jpg/cc0000/ffffff,01/06/1997,M,5-L
Louis Richards,2012-90124,http://dummyimage.com/100x100.jpg/5fa2dd/ffffff,03/07/1997,M,6-L
Victor Banks,2015-61555,http://dummyimage.com/100x100.jpg/cc0000/ffffff,09/10/1997,M,5-L
Robert Miller,2014-30300,http://dummyimage.com/100x100.jpg/dddddd/000000,19/07/1994,M,5-L
Jonathan Bryant,2013-16365,http://dummyimage.com/100x100.jpg/dddddd/000000,08/01/1995,M,6-L
Evelyn Willis,2014-82574,http://dummyimage.com/100x100.jpg/ff4444/ffffff,25/08/1994,F,5-L
John Ruiz,2015-01102,http://dummyimage.com/100x100.jpg/dddddd/000000,14/01/1996,M,5-L
Douglas Wells,2011-48600,http://dummyimage.com/100x100.jpg/cc0000/ffffff,04/08/1995,M,6-L
Janice Howell,2011-63432,http://dummyimage.com/100x100.jpg/5fa2dd/ffffff,16/02/1997,F,4-L
Ryan Peters,2014-64810,http://dummyimage.com/100x100.jpg/cc0000/ffffff,08/01/1997,M,6-L
Irene Hart,2014-19395,http://dummyimage.com/100x100.jpg/dddddd/000000,02/08/1997,F,5-L
Ruby Burns,2015-44475,http://dummyimage.com/100x100.jpg/5fa2dd/ffffff,19/11/1993,F,6-L
Denise Hansen,2014-66194,http://dummyimage.com/100x100.jpg/ff4444/ffffff,04/06/1994,F,6-L
Kathleen Ellis,2014-45706,http://dummyimage.com/100x100.jpg/cc0000/ffffff,08/01/1996,F,5-L
Judy Brooks,2015-29781,http://dummyimage.com/100x100.jpg/ff4444/ffffff,24/08/1993,F,3-L
Robert Sullivan,2015-10454,http://dummyimage.com/100x100.jpg/5fa2dd/ffffff,07/09/1998,M,2-L
Terry Rose,2015-64137,http://dummyimage.com/100x100.jpg/dddddd/000000,14/11/1995,M,6-L
Stephen Edwards,2014-81564,http://dummyimage.com/100x100.jpg/5fa2dd/ffffff,10/12/1993,M,5-L
Samuel Price,2010-77861,http://dummyimage.com/100x100.jpg/cc0000/ffffff,15/11/1997,M,5-L
Clarence Harper,2015-68172,http://dummyimage.com/100x100.jpg/5fa2dd/ffffff,07/12/1994,M,6-L
Kevin Dean,2014-83680,http://dummyimage.com/100x100.jpg/dddddd/000000,14/05/1994,M,6-L
Catherine Greene,2015-53185,http://dummyimage.com/100x100.jpg/ff4444/ffffff,27/11/1996,F,4-L
Beverly Watkins,2015-96438,http://dummyimage.com/100x100.jpg/dddddd/000000,03/05/1996,F,6-L
Ronald Howell,2014-30053,http://dummyimage.com/100x100.jpg/ff4444/ffffff,15/02/1997,M,2-L
Susan White,2015-29350,http://dummyimage.com/100x100.jpg/cc0000/ffffff,03/11/1997,F,6-L
Alan Larson,2015-03128,http://dummyimage.com/100x100.jpg/dddddd/000000,07/01/1999,M,6-L
Martha Wallace,2015-83361,http://dummyimage.com/100x100.jpg/dddddd/000000,18/10/1994,F,6-L
Betty White,2015-85304,http://dummyimage.com/100x100.jpg/5fa2dd/ffffff,21/03/1994,F,5-L
William Moore,2014-59003,http://dummyimage.com/100x100.jpg/cc0000/ffffff,21/02/1997,M,5-L
Patricia Powell,2013-43891,http://dummyimage.com/100x100.jpg/ff4444/ffffff,05/07/1998,F,4-L
Gary Medina,2012-62880,http://dummyimage.com/100x100.jpg/dddddd/000000,17/02/1999,M,3-L
Mary Brown,2013-70664,http://dummyimage.com/100x100.jpg/dddddd/000000,22/01/1995,F,5-L
Wayne Fox,2013-41036,http://dummyimage.com/100x100.jpg/cc0000/ffffff,01/02/1999,M,1-L
Katherine Lawson,2015-18696,http://dummyimage.com/100x100.jpg/cc0000/ffffff,08/05/1997,F,5-L
Teresa Bishop,2015-76946,http://dummyimage.com/100x100.jpg/5fa2dd/ffffff,14/09/1998,F,5-L
Gerald Young,2014-87740,http://dummyimage.com/100x100.jpg/ff4444/ffffff,25/07/1998,M,5-L
Fred Nelson,2014-28479,http://dummyimage.com/100x100.jpg/dddddd/000000,06/03/1998,M,5-L
Kelly Harris,2012-03667,http://dummyimage.com/100x100.jpg/cc0000/ffffff,30/08/1994,F,6-L
Chris Wood,2015-29309,http://dummyimage.com/100x100.jpg/dddddd/000000,14/09/1994,M,6-L
Juan Weaver,2014-23290,http://dummyimage.com/100x100.jpg/cc0000/ffffff,09/06/1995,M,6-L
Larry Roberts,2014-74984,http://dummyimage.com/100x100.jpg/dddddd/000000,03/03/1999,M,3-L
